<COLLADA xmlns="http://www.collada.org/2005/11/COLLADASchema" version="1.4.1">
  <asset>
    <contributor/>
    <created>2025-03-16T23:52:26.999281</created>
    <modified>2025-03-16T23:52:26.999284</modified>
    <unit name="meter" meter="1.0"/>
    <up_axis>Z_UP</up_axis>
  </asset>
  <library_effects>
    <effect id="effect_Cylinder" name="effect_Cylinder">
      <profile_COMMON>
        <technique sid="common">
          <phong>
            <emission>
              <color>0.0 0.0 0.0 1.0</color>
            </emission>
            <ambient>
              <color>0.0 0.0 0.0 1.0</color>
            </ambient>
            <diffuse>
              <color>0.4470590054988861 0.4745100140571594 0.5019609928131104 1.0</color>
            </diffuse>
            <specular>
              <color>1 1 1 1.0</color>
            </specular>
            <shininess>
              <float>0.0</float>
            </shininess>
            <reflective>
              <color>0.0 0.0 0.0 1.0</color>
            </reflective>
            <reflectivity>
              <float>0.0</float>
            </reflectivity>
            <transparent>
              <color>0.0 0.0 0.0 1.0</color>
            </transparent>
            <transparency>
              <float>1.0</float>
            </transparency>
          </phong>
        </technique>
        <extra>
          <technique profile="GOOGLEEARTH">
            <double_sided>0</double_sided>
          </technique>
        </extra>
      </profile_COMMON>
    </effect>
    <effect id="effect_Cylinder001" name="effect_Cylinder001">
      <profile_COMMON>
        <technique sid="common">
          <phong>
            <emission>
              <color>0.0 0.0 0.0 1.0</color>
            </emission>
            <ambient>
              <color>0.0 0.0 0.0 1.0</color>
            </ambient>
            <diffuse>
              <color>0.0 0.0 0.0 1.0</color>
            </diffuse>
            <specular>
              <color>1 1 1 1.0</color>
            </specular>
            <shininess>
              <float>0.0</float>
            </shininess>
            <reflective>
              <color>0.0 0.0 0.0 1.0</color>
            </reflective>
            <reflectivity>
              <float>0.0</float>
            </reflectivity>
            <transparent>
              <color>0.0 0.0 0.0 1.0</color>
            </transparent>
            <transparency>
              <float>1.0</float>
            </transparency>
          </phong>
        </technique>
        <extra>
          <technique profile="GOOGLEEARTH">
            <double_sided>0</double_sided>
          </technique>
        </extra>
      </profile_COMMON>
    </effect>
    <effect id="effect_Cylinder002" name="effect_Cylinder002">
      <profile_COMMON>
        <technique sid="common">
          <phong>
            <emission>
              <color>0.0 0.0 0.0 1.0</color>
            </emission>
            <ambient>
              <color>0.0 0.0 0.0 1.0</color>
            </ambient>
            <diffuse>
              <color>0.4470590054988861 0.4745100140571594 0.5019609928131104 1.0</color>
            </diffuse>
            <specular>
              <color>1 1 1 1.0</color>
            </specular>
            <shininess>
              <float>0.0</float>
            </shininess>
            <reflective>
              <color>0.0 0.0 0.0 1.0</color>
            </reflective>
            <reflectivity>
              <float>0.0</float>
            </reflectivity>
            <transparent>
              <color>0.0 0.0 0.0 1.0</color>
            </transparent>
            <transparency>
              <float>1.0</float>
            </transparency>
          </phong>
        </technique>
        <extra>
          <technique profile="GOOGLEEARTH">
            <double_sided>0</double_sided>
          </technique>
        </extra>
      </profile_COMMON>
    </effect>
    <effect id="effect_Cylinder003" name="effect_Cylinder003">
      <profile_COMMON>
        <technique sid="common">
          <phong>
            <emission>
              <color>0.0 0.0 0.0 1.0</color>
            </emission>
            <ambient>
              <color>0.0 0.0 0.0 1.0</color>
            </ambient>
            <diffuse>
              <color>0.4470590054988861 0.4745100140571594 0.5019609928131104 1.0</color>
            </diffuse>
            <specular>
              <color>1 1 1 1.0</color>
            </specular>
            <shininess>
              <float>0.0</float>
            </shininess>
            <reflective>
              <color>0.0 0.0 0.0 1.0</color>
            </reflective>
            <reflectivity>
              <float>0.0</float>
            </reflectivity>
            <transparent>
              <color>0.0 0.0 0.0 1.0</color>
            </transparent>
            <transparency>
              <float>1.0</float>
            </transparency>
          </phong>
        </technique>
        <extra>
          <technique profile="GOOGLEEARTH">
            <double_sided>0</double_sided>
          </technique>
        </extra>
      </profile_COMMON>
    </effect>
  </library_effects>
  <library_geometries>
    <geometry id="geometry0" name="Cylinder">
      <mesh>
        <source id="cubeverts-array0">
          <float_array count="756" id="cubeverts-array0-array">0.0515 -1.261386e-17 0 0.05143598 0.002567063 0 0.0515 -1.261386e-17 0.024 0.05143598 0.002567063 0.024 0.05124408 0.005127744 0 0.05124408 0.005127744 0.024 0.05092479 0.007675677 0.024 0.05092479 0.007675677 0 0.05047888 0.01020453 0 0.05047888 0.01020453 0.024 0.04990748 0.01270801 0.024 0.04990748 0.01270801 0 0.049212 0.01517989 0.024 0.049212 0.01517989 0 0.04839417 0.01761404 0 0.04839417 0.01761404 0.024 0.04745602 0.02000439 0 0.04745602 0.02000439 0.024 0.0463999 0.02234501 0.024 0.0463999 0.02234501 0 0.04522841 0.02463008 0 0.04522841 0.02463008 0.024 0.04394448 0.02685391 0 0.04394448 0.02685391 0.024 0.0425513 0.02901098 0 0.0425513 0.02901098 0.024 0.04105232 0.03109593 0 0.04105232 0.03109593 0.024 0.03945129 0.03310356 0 0.03945129 0.03310356 0.024 0.03775217 0.0350289 0 0.03775217 0.0350289 0.024 0.0359592 0.03686714 0 0.0359592 0.03686714 0.024 0.03407682 0.03861373 0 0.03407682 0.03861373 0.024 0.03210973 0.04026432 0 0.03210973 0.04026432 0.024 0.0300628 0.04181481 0 0.0300628 0.04181481 0.024 0.02794113 0.04326133 0 0.02794113 0.04326133 0.024 0.02575 0.04460031 0.024 0.02575 0.04460031 0 0.02349485 0.0458284 0 0.02349485 0.0458284 0.024 0.02118129 0.04694255 0.024 0.02118129 0.04694255 0 0.01881506 0.04794 0 0.01881506 0.04794 0.024 0.01640206 0.04881826 0.024 0.01640206 0.04881826 0 0.01394828 0.04957515 0 0.01394828 0.04957515 0.024 0.01145983 0.05020879 0 0.01145983 0.05020879 0.024 0.008942882 0.0507176 0.024 0.008942882 0.0507176 0 0.006403701 0.05110032 0.024 0.006403701 0.05110032 0 0.0038486 0.051356 0 0.0038486 0.051356 0.024 0.001283931 0.05148399 0.024 0.001283931 0.05148399 0 -0.001283931 0.05148399 0 -0.001283931 0.05148399 0.024 -0.0038486 0.051356 0.024 -0.0038486 0.051356 0 -0.006403701 0.05110032 0 -0.006403701 0.05110032 0.024 -0.008942882 0.0507176 0.024 -0.008942882 0.0507176 0 -0.01145983 0.05020879 0 -0.01145983 0.05020879 0.024 -0.01394828 0.04957515 0 -0.01394828 0.04957515 0.024 -0.01640206 0.04881826 0 -0.01640206 0.04881826 0.024 -0.01881506 0.04794 0 -0.01881506 0.04794 0.024 -0.02118129 0.04694255 0 -0.02118129 0.04694255 0.024 -0.02349485 0.0458284 0.024 -0.02349485 0.0458284 0 -0.02575 0.04460031 0 -0.02575 0.04460031 0.024 -0.02794113 0.04326133 0 -0.02794113 0.04326133 0.024 -0.0300628 0.04181481 0 -0.0300628 0.04181481 0.024 -0.03210973 0.04026432 0 -0.03210973 0.04026432 0.024 -0.03407682 0.03861373 0 -0.03407682 0.03861373 0.024 -0.0359592 0.03686714 0 -0.0359592 0.03686714 0.024 -0.03775217 0.0350289 0 -0.03775217 0.0350289 0.024 -0.03945129 0.03310356 0 -0.03945129 0.03310356 0.024 -0.04105232 0.03109593 0 -0.04105232 0.03109593 0.024 -0.0425513 0.02901098 0 -0.0425513 0.02901098 0.024 -0.04394448 0.02685391 0 -0.04394448 0.02685391 0.024 -0.04522841 0.02463008 0 -0.04522841 0.02463008 0.024 -0.0463999 0.02234501 0 -0.0463999 0.02234501 0.024 -0.04745602 0.02000439 0 -0.04745602 0.02000439 0.024 -0.04839417 0.01761404 0 -0.04839417 0.01761404 0.024 -0.049212 0.01517989 0 -0.049212 0.01517989 0.024 -0.04990748 0.01270801 0 -0.04990748 0.01270801 0.024 -0.05047888 0.01020453 0 -0.05047888 0.01020453 0.024 -0.05092479 0.007675677 0 -0.05092479 0.007675677 0.024 -0.05124408 0.005127744 0 -0.05124408 0.005127744 0.024 -0.05143598 0.002567063 0 -0.05143598 0.002567063 0.024 -0.0515 -1.766578e-16 0 -0.0515 -1.766578e-16 0.024 -0.05143598 -0.002567063 0 -0.05143598 -0.002567063 0.024 -0.05124408 -0.005127744 0 -0.05124408 -0.005127744 0.024 -0.05092479 -0.007675677 0 -0.05092479 -0.007675677 0.024 -0.05047888 -0.01020453 0 -0.05047888 -0.01020453 0.024 -0.04990748 -0.01270801 0 -0.04990748 -0.01270801 0.024 -0.049212 -0.01517989 0 -0.049212 -0.01517989 0.024 -0.04839417 -0.01761404 0 -0.04839417 -0.01761404 0.024 -0.04745602 -0.02000439 0 -0.04745602 -0.02000439 0.024 -0.0463999 -0.02234501 0 -0.0463999 -0.02234501 0.024 -0.04522841 -0.02463008 0 -0.04522841 -0.02463008 0.024 -0.04394448 -0.02685391 0 -0.04394448 -0.02685391 0.024 -0.0425513 -0.02901098 0 -0.0425513 -0.02901098 0.024 -0.04105232 -0.03109593 0 -0.04105232 -0.03109593 0.024 -0.03945129 -0.03310356 0 -0.03945129 -0.03310356 0.024 -0.03775217 -0.0350289 0 -0.03775217 -0.0350289 0.024 -0.0359592 -0.03686714 0 -0.0359592 -0.03686714 0.024 -0.03407682 -0.03861373 0 -0.03407682 -0.03861373 0.024 -0.03210973 -0.04026432 0 -0.03210973 -0.04026432 0.024 -0.0300628 -0.04181481 0 -0.0300628 -0.04181481 0.024 -0.02794113 -0.04326133 0 -0.02794113 -0.04326133 0.024 -0.02575 -0.04460031 0 -0.02575 -0.04460031 0.024 -0.02349485 -0.0458284 0 -0.02349485 -0.0458284 0.024 -0.02118129 -0.04694255 0 -0.02118129 -0.04694255 0.024 -0.01881506 -0.04794 0 -0.01881506 -0.04794 0.024 -0.01640206 -0.04881826 0 -0.01640206 -0.04881826 0.024 -0.01394828 -0.04957515 0 -0.01394828 -0.04957515 0.024 -0.01145983 -0.05020879 0 -0.01145983 -0.05020879 0.024 -0.008942882 -0.0507176 0 -0.008942882 -0.0507176 0.024 -0.006403701 -0.05110032 0 -0.006403701 -0.05110032 0.024 -0.0038486 -0.051356 0 -0.0038486 -0.051356 0.024 -0.001283931 -0.05148399 0.024 -0.001283931 -0.05148399 0 0.001283931 -0.05148399 0 0.001283931 -0.05148399 0.024 0.0038486 -0.051356 0 0.0038486 -0.051356 0.024 0.006403701 -0.05110032 0 0.006403701 -0.05110032 0.024 0.008942882 -0.0507176 0 0.008942882 -0.0507176 0.024 0.01145983 -0.05020879 0.024 0.01145983 -0.05020879 0 0.01394828 -0.04957515 0.024 0.01394828 -0.04957515 0 0.01640206 -0.04881826 0 0.01640206 -0.04881826 0.024 0.01881506 -0.04794 0 0.01881506 -0.04794 0.024 0.02118129 -0.04694255 0 0.02118129 -0.04694255 0.024 0.02349485 -0.0458284 0.024 0.02349485 -0.0458284 0 0.02575 -0.04460031 0 0.02575 -0.04460031 0.024 0.02794113 -0.04326133 0 0.02794113 -0.04326133 0.024 0.0300628 -0.04181481 0 0.0300628 -0.04181481 0.024 0.03210973 -0.04026432 0.024 0.03210973 -0.04026432 0 0.03407682 -0.03861373 0 0.03407682 -0.03861373 0.024 0.0359592 -0.03686714 0.024 0.0359592 -0.03686714 0 0.03775217 -0.0350289 0 0.03775217 -0.0350289 0.024 0.03945129 -0.03310356 0 0.03945129 -0.03310356 0.024 0.04105232 -0.03109593 0 0.04105232 -0.03109593 0.024 0.0425513 -0.02901098 0 0.0425513 -0.02901098 0.024 0.04394448 -0.02685391 0 0.04394448 -0.02685391 0.024 0.04522841 -0.02463008 0 0.04522841 -0.02463008 0.024 0.0463999 -0.02234501 0 0.0463999 -0.02234501 0.024 0.04745602 -0.02000439 0 0.04745602 -0.02000439 0.024 0.04839417 -0.01761404 0 0.04839417 -0.01761404 0.024 0.049212 -0.01517989 0 0.049212 -0.01517989 0.024 0.04990748 -0.01270801 0 0.04990748 -0.01270801 0.024 0.05047888 -0.01020453 0 0.05047888 -0.01020453 0.024 0.05092479 -0.007675677 0 0.05092479 -0.007675677 0.024 0.05124408 -0.005127744 0 0.05124408 -0.005127744 0.024 0.05143598 -0.002567063 0 0.05143598 -0.002567063 0.024</float_array>
          <technique_common>
            <accessor count="252" source="#cubeverts-array0-array" stride="3">
              <param type="float" name="X"/>
              <param type="float" name="Y"/>
              <param type="float" name="Z"/>
            </accessor>
          </technique_common>
        </source>
        <source id="cubenormals-array0">
          <float_array count="1500" id="cubenormals-array0-array">0.9996892 0.02493057 -0 0.9996892 0.02493057 0 0.9972038 0.07473081 0 0.9922394 0.1243424 0 0.9972038 0.07473081 -0 0.9922394 0.1243424 0 0.9848076 0.1736494 0 0.9749282 0.2225197 0 0.9848076 0.1736494 -0 0.9626239 0.2708417 0 0.9749282 0.2225197 0 0.9626239 0.2708417 0 0.9479274 0.3184866 0 0.9479274 0.3184866 -0 0.9308739 0.3653407 0 0.9115062 0.4112864 0 0.9308739 0.3653407 -0 0.9115062 0.4112864 0 0.8898717 0.4562108 0 0.8898717 0.4562108 -0 0.8660252 0.5000003 -0 0.8660252 0.5000003 0 0.8400257 0.5425465 -0 0.8400257 0.5425465 0 0.8119377 0.583744 -0 0.8119377 0.583744 0 0.7818321 0.623489 -0 0.7818321 0.623489 0 0.749781 0.6616861 0 0.749781 0.6616861 -0 0.7158671 0.6982365 0 0.7158671 0.6982365 -0 0.6801724 0.7330521 0 0.6801724 0.7330521 -0 0.6427878 0.7660443 0 0.6427878 0.7660443 -0 0.6038046 0.7971323 0 0.6038046 0.7971323 -0 0.5633196 0.8262391 0 0.5214353 0.8532909 0 0.5633196 0.8262391 -0 0.5214353 0.8532909 0 0.4782546 0.8782212 0 0.4338831 0.9009691 0 0.4782546 0.8782212 -0 0.4338831 0.9009691 0 0.3884353 0.921476 0 0.3420206 0.9396924 0 0.3884353 0.921476 -0 0.3420206 0.9396924 0 0.2947547 0.955573 0 0.2947547 0.955573 -0 0.2467566 0.9690775 0 0.1981462 0.9801725 0 0.2467566 0.9690775 -0 0.1490427 0.9888307 0 0.1981462 0.9801725 0 0.1490427 0.9888307 0 0.09956779 0.9950308 0 0.04984629 0.9987569 0 0.09956779 0.9950308 -0 0.04984629 0.9987569 0 0 1 0 -0.04984629 0.9987569 0 0 1 -0 -0.04984629 0.9987569 0 -0.09956779 0.9950308 0 -0.1490427 0.9888307 0 -0.09956779 0.9950308 0 -0.1490427 0.9888307 0 -0.1981462 0.9801725 0 -0.1981462 0.9801725 0 -0.2467566 0.9690775 0 -0.2467566 0.9690775 0 -0.2947547 0.955573 0 -0.2947547 0.955573 0 -0.3420206 0.9396924 0 -0.3420206 0.9396924 0 -0.3884353 0.921476 0 -0.3884353 0.921476 0 -0.4338831 0.9009691 0 -0.4338831 0.9009691 0 -0.4782546 0.8782212 0 -0.4782546 0.8782212 0 -0.5214353 0.8532909 0 -0.5214353 0.8532909 0 -0.5633196 0.8262391 0 -0.5633196 0.8262391 0 -0.6038046 0.7971323 0 -0.6038046 0.7971323 0 -0.6427878 0.7660443 0 -0.6427878 0.7660443 0 -0.6801724 0.7330521 0 -0.6801724 0.7330521 0 -0.7158671 0.6982365 0 -0.7158671 0.6982365 0 -0.749781 0.6616861 0 -0.749781 0.6616861 0 -0.7818321 0.623489 0 -0.7818321 0.623489 0 -0.8119377 0.583744 0 -0.8119377 0.583744 0 -0.8400257 0.5425465 0 -0.8400257 0.5425465 0 -0.8660252 0.5000003 0 -0.8660252 0.5000003 0 -0.8898717 0.4562108 0 -0.8898717 0.4562108 0 -0.9115062 0.4112864 0 -0.9115062 0.4112864 0 -0.9308739 0.3653407 0 -0.9308739 0.3653407 0 -0.9479274 0.3184866 0 -0.9479274 0.3184866 0 -0.9626239 0.2708417 0 -0.9626239 0.2708417 0 -0.9749282 0.2225197 0 -0.9749282 0.2225197 0 -0.9848076 0.1736494 0 -0.9848076 0.1736494 0 -0.9922394 0.1243424 0 -0.9922394 0.1243424 0 -0.9972038 0.07473081 0 -0.9972038 0.07473081 0 -0.9996892 0.02493057 0 -0.9996892 0.02493057 0 -0.9996892 -0.02493057 0 -0.9996892 -0.02493057 0 -0.9972038 -0.07473081 0 -0.9972038 -0.07473081 0 -0.9922394 -0.1243424 0 -0.9922394 -0.1243424 0 -0.9848076 -0.1736494 0 -0.9848076 -0.1736494 0 -0.9749282 -0.2225197 0 -0.9749282 -0.2225197 0 -0.9626239 -0.2708417 0 -0.9626239 -0.2708417 0 -0.9479274 -0.3184866 0 -0.9479274 -0.3184866 0 -0.9308739 -0.3653407 0 -0.9308739 -0.3653407 0 -0.9115062 -0.4112864 0 -0.9115062 -0.4112864 0 -0.8898717 -0.4562108 0 -0.8898717 -0.4562108 0 -0.8660252 -0.5000003 0 -0.8660252 -0.5000003 0 -0.8400257 -0.5425465 0 -0.8400257 -0.5425465 0 -0.8119377 -0.583744 0 -0.8119377 -0.583744 0 -0.7818321 -0.623489 0 -0.7818321 -0.623489 0 -0.749781 -0.6616861 0 -0.749781 -0.6616861 0 -0.7158671 -0.6982365 0 -0.7158671 -0.6982365 0 -0.6801724 -0.7330521 0 -0.6801724 -0.7330521 0 -0.6427878 -0.7660443 0 -0.6427878 -0.7660443 0 -0.6038046 -0.7971323 0 -0.6038046 -0.7971323 0 -0.5633196 -0.8262391 0 -0.5633196 -0.8262391 0 -0.5214353 -0.8532909 0 -0.5214353 -0.8532909 0 -0.4782546 -0.8782212 0 -0.4782546 -0.8782212 0 -0.4338831 -0.9009691 0 -0.4338831 -0.9009691 0 -0.3884353 -0.921476 0 -0.3884353 -0.921476 0 -0.3420206 -0.9396924 0 -0.3420206 -0.9396924 0 -0.2947547 -0.955573 0 -0.2947547 -0.955573 0 -0.2467566 -0.9690775 0 -0.2467566 -0.9690775 0 -0.1981462 -0.9801725 0 -0.1981462 -0.9801725 0 -0.1490427 -0.9888307 0 -0.1490427 -0.9888307 0 -0.09956779 -0.9950308 0 -0.09956779 -0.9950308 0 -0.04984629 -0.9987569 -0 -0.04984629 -0.9987569 0 0 -1 0 0 -1 0 0.04984629 -0.9987569 0 0.04984629 -0.9987569 0 0.09956779 -0.9950308 0 0.09956779 -0.9950308 0 0.1490427 -0.9888307 0 0.1490427 -0.9888307 0 0.2467566 -0.9690775 0 0.1981462 -0.9801725 0 0.1981462 -0.9801725 0 0.2467566 -0.9690775 0 0.2947547 -0.955573 0 0.2947547 -0.955573 0 0.3420206 -0.9396924 0 0.3420206 -0.9396924 0 0.3884353 -0.921476 0 0.4338831 -0.9009691 0 0.3884353 -0.921476 0 0.4338831 -0.9009691 0 0.4782546 -0.8782212 0 0.4782546 -0.8782212 0 0.5214353 -0.8532909 0 0.5214353 -0.8532909 0 0.5633196 -0.8262391 0 0.6038046 -0.7971323 0 0.5633196 -0.8262391 0 0.6038046 -0.7971323 0 0.6427878 -0.7660443 0 0.6801724 -0.7330521 0 0.6427878 -0.7660443 0 0.6801724 -0.7330521 0 0.7158671 -0.6982365 0 0.7158671 -0.6982365 0 0.749781 -0.6616861 0 0.749781 -0.6616861 0 0.7818321 -0.623489 0 0.7818321 -0.623489 0 0.8119377 -0.583744 0 0.8119377 -0.583744 0 0.8400257 -0.5425465 0 0.8400257 -0.5425465 0 0.8660252 -0.5000003 0 0.8660252 -0.5000003 0 0.8898717 -0.4562108 0 0.8898717 -0.4562108 0 0.9115062 -0.4112864 0 0.9115062 -0.4112864 0 0.9308739 -0.3653407 0 0.9308739 -0.3653407 0 0.9479274 -0.3184866 0 0.9479274 -0.3184866 0 0.9626239 -0.2708417 0 0.9626239 -0.2708417 0 0.9749282 -0.2225197 0 0.9749282 -0.2225197 0 0.9848076 -0.1736494 0 0.9848076 -0.1736494 0 0.9922394 -0.1243424 0 0.9922394 -0.1243424 0 0.9972038 -0.07473081 0 0.9972038 -0.07473081 0 0.9996892 -0.02493057 0 0.9996892 -0.02493057 0 0 0 -1 0 0 -1 0 0 -1 0 0 -1 0 0 -1 0 0 -1 0 0 -1 0 0 -1 0 0 -1 0 0 -1 0 0 -1 0 0 -1 0 0 -1 0 0 -1 0 0 -1 0 0 -1 0 0 -1 0 0 -1 0 0 -1 0 0 -1 0 0 -1 0 0 -1 0 0 -1 0 0 -1 0 0 -1 0 0 -1 0 0 -1 0 -0 -1 0 -0 -1 0 0 -1 0 -0 -1 0 0 -1 0 0 -1 0 0 -1 0 0 -1 0 0 -1 0 0 -1 0 -0 -1 0 0 -1 0 0 -1 0 0 -1 0 0 -1 0 0 -1 0 -0 -1 0 -0 -1 0 -0 -1 0 -0 -1 0 0 -1 0 0 -1 0 -0 -1 0 -0 -1 0 -0 -1 0 0 -1 0 0 -1 0 -0 -1 0 0 -1 0 0 -1 0 0 -1 0 -0 -1 0 0 -1 0 0 -1 0 -0 -1 0 -0 -1 0 0 -1 0 0 -1 0 -0 -1 0 -0 -1 0 -0 -1 0 -0 -1 0 0 -1 0 0 -1 0 0 -1 0 0 -1 0 -0 -1 0 0 -1 0 0 -1 0 -0 -1 0 0 -1 0 0 -1 0 -0 -1 0 -0 -1 0 0 -1 0 0 -1 0 0 -1 0 0 -1 0 -0 -1 0 -0 -1 0 -0 -1 0 -0 -1 0 0 -1 0 0 -1 0 0 -1 -0 -0 -1 -0 -0 -1 -0 -0 -1 -0 -0 -1 0 0 -1 -0 -0 -1 0 0 -1 -0 -0 -1 0 0 -1 0 0 -1 -0 -0 -1 0 0 -1 0 -0 -1 0 0 -1 -0 -0 -1 -0 -0 -1 0 0 -1 0 0 -1 0 0 -1 0 0 -1 0 -0 -1 -0 -0 -1 -0 -0 -1 -0 -0 -1 0 0 -1 0 0 -1 -0 -0 -1 -0 -0 -1 0 0 -1 -0 -0 -1 0 0 -1 0 -0 -1 0 0 1 0 0 1 0 0 1 0 0 1 0 0 1 0 0 1 0 0 1 0 0 1 0 0 1 0 0 1 0 0 1 0 0 1 0 0 1 0 0 1 0 0 1 0 0 1 0 0 1 0 0 1 0 0 1 0 0 1 0 0 1 0 0 1 0 0 1 0 0 1 0 0 1 0 0 1 0 0 1 0 0 1 0 0 1 0 0 1 0 0 1 0 0 1 0 0 1 0 0 1 0 0 1 0 0 1 0 0 1 0 0 1 0 0 1 0 0 1 0 0 1 0 0 1 0 0 1 0 0 1 0 0 1 0 0 1 0 0 1 0 0 1 0 0 1 0 0 1 0 0 1 0 0 1 0 0 1 0 0 1 0 0 1 0 0 1 0 0 1 0 0 1 0 0 1 0 0 1 0 0 1 0 0 1 0 0 1 0 0 1 0 0 1 0 0 1 0 0 1 0 0 1 0 0 1 0 0 1 0 0 1 0 0 1 0 0 1 0 0 1 0 0 1 0 0 1 0 0 1 0 0 1 0 0 1 0 0 1 0 0 1 0 0 1 0 0 1 0 0 1 0 0 1 0 0 1 0 0 1 0 0 1 0 0 1 0 0 1 0 0 1 0 0 1 0 0 1 0 0 1 0 0 1 0 0 1 0 0 1 0 0 1 0 0 1 0 0 1 0 0 1 0 0 1 0 0 1 0 0 1 0 0 1 0 0 1 0 0 1 0 0 1 0 0 1 0 0 1 0 0 1 0 0 1 0 0 1 0 0 1 0 0 1 0 0 1 0 0 1 0 0 1 0 0 1 0 0 1 0 0 1 0 0 1 0 0 1 0 0 1</float_array>
          <technique_common>
            <accessor count="500" source="#cubenormals-array0-array" stride="3">
              <param type="float" name="X"/>
              <param type="float" name="Y"/>
              <param type="float" name="Z"/>
            </accessor>
          </technique_common>
        </source>
        <vertices id="cubeverts-array0-vertices">
          <input semantic="POSITION" source="#cubeverts-array0"/>
        </vertices>
        <triangles count="500" material="ref_Cylinder">
          <input offset="0" semantic="VERTEX" source="#cubeverts-array0-vertices"/>
          <input offset="1" semantic="NORMAL" source="#cubenormals-array0"/>
          <p>0 0 1 0 2 0 2 1 1 1 3 1 3 2 4 2 5 2 5 3 4 3 6 3 1 4 4 4 3 4 4 5 7 5 6 5 6 6 8 6 9 6 9 7 8 7 10 7 7 8 8 8 6 8 10 9 11 9 12 9 8 10 11 10 10 10 11 11 13 11 12 11 12 12 14 12 15 12 13 13 14 13 12 13 15 14 16 14 17 14 17 15 16 15 18 15 14 16 16 16 15 16 16 17 19 17 18 17 18 18 20 18 21 18 19 19 20 19 18 19 20 20 22 20 21 20 21 21 22 21 23 21 22 22 24 22 23 22 23 23 24 23 25 23 24 24 26 24 25 24 25 25 26 25 27 25 26 26 28 26 27 26 27 27 28 27 29 27 29 28 30 28 31 28 28 29 30 29 29 29 31 30 32 30 33 30 30 31 32 31 31 31 33 32 34 32 35 32 32 33 34 33 33 33 35 34 36 34 37 34 34 35 36 35 35 35 37 36 38 36 39 36 36 37 38 37 37 37 39 38 40 38 41 38 41 39 40 39 42 39 38 40 40 40 39 40 40 41 43 41 42 41 42 42 44 42 45 42 45 43 44 43 46 43 43 44 44 44 42 44 44 45 47 45 46 45 46 46 48 46 49 46 49 47 48 47 50 47 47 48 48 48 46 48 48 49 51 49 50 49 50 50 52 50 53 50 51 51 52 51 50 51 53 52 54 52 55 52 55 53 54 53 56 53 52 54 54 54 53 54 56 55 57 55 58 55 54 56 57 56 56 56 57 57 59 57 58 57 58 58 60 58 61 58 61 59 60 59 62 59 59 60 60 60 58 60 60 61 63 61 62 61 62 62 64 62 65 62 65 63 64 63 66 63 63 64 64 64 62 64 64 65 67 65 66 65 66 66 68 66 69 66 69 67 68 67 70 67 67 68 68 68 66 68 68 69 71 69 70 69 71 70 72 70 70 70 70 71 72 71 73 71 73 72 74 72 75 72 72 73 74 73 73 73 74 74 76 74 75 74 75 75 76 75 77 75 76 76 78 76 77 76 77 77 78 77 79 77 78 78 80 78 79 78 79 79 80 79 81 79 81 80 80 80 82 80 80 81 83 81 82 81 83 82 84 82 82 82 82 83 84 83 85 83 84 84 86 84 85 84 85 85 86 85 87 85 86 86 88 86 87 86 87 87 88 87 89 87 88 88 90 88 89 88 89 89 90 89 91 89 90 90 92 90 91 90 91 91 92 91 93 91 92 92 94 92 93 92 93 93 94 93 95 93 94 94 96 94 95 94 95 95 96 95 97 95 96 96 98 96 97 96 97 97 98 97 99 97 99 98 100 98 101 98 98 99 100 99 99 99 101 100 102 100 103 100 100 101 102 101 101 101 103 102 104 102 105 102 102 103 104 103 103 103 105 104 106 104 107 104 104 105 106 105 105 105 107 106 108 106 109 106 106 107 108 107 107 107 109 108 110 108 111 108 108 109 110 109 109 109 111 110 112 110 113 110 110 111 112 111 111 111 113 112 114 112 115 112 112 113 114 113 113 113 115 114 116 114 117 114 114 115 116 115 115 115 117 116 118 116 119 116 116 117 118 117 117 117 119 118 120 118 121 118 118 119 120 119 119 119 121 120 122 120 123 120 120 121 122 121 121 121 122 122 124 122 123 122 123 123 124 123 125 123 124 124 126 124 125 124 125 125 126 125 127 125 126 126 128 126 127 126 127 127 128 127 129 127 128 128 130 128 129 128 129 129 130 129 131 129 130 130 132 130 131 130 131 131 132 131 133 131 132 132 134 132 133 132 133 133 134 133 135 133 134 134 136 134 135 134 135 135 136 135 137 135 136 136 138 136 137 136 137 137 138 137 139 137 138 138 140 138 139 138 139 139 140 139 141 139 140 140 142 140 141 140 141 141 142 141 143 141 142 142 144 142 143 142 143 143 144 143 145 143 144 144 146 144 145 144 145 145 146 145 147 145 146 146 148 146 147 146 147 147 148 147 149 147 148 148 150 148 149 148 149 149 150 149 151 149 150 150 152 150 151 150 151 151 152 151 153 151 152 152 154 152 153 152 153 153 154 153 155 153 154 154 156 154 155 154 155 155 156 155 157 155 156 156 158 156 157 156 157 157 158 157 159 157 158 158 160 158 159 158 159 159 160 159 161 159 160 160 162 160 161 160 161 161 162 161 163 161 162 162 164 162 163 162 163 163 164 163 165 163 165 164 166 164 167 164 164 165 166 165 165 165 167 166 168 166 169 166 166 167 168 167 167 167 169 168 170 168 171 168 168 169 170 169 169 169 171 170 172 170 173 170 170 171 172 171 171 171 173 172 174 172 175 172 172 173 174 173 173 173 174 174 176 174 175 174 175 175 176 175 177 175 176 176 178 176 177 176 177 177 178 177 179 177 178 178 180 178 179 178 179 179 180 179 181 179 180 180 182 180 181 180 181 181 182 181 183 181 182 182 184 182 183 182 183 183 184 183 185 183 184 184 186 184 185 184 185 185 186 185 187 185 187 186 186 186 188 186 186 187 189 187 188 187 189 188 190 188 188 188 188 189 190 189 191 189 190 190 192 190 191 190 191 191 192 191 193 191 192 192 194 192 193 192 193 193 194 193 195 193 194 194 196 194 195 194 195 195 196 195 197 195 198 196 199 196 200 196 196 197 199 197 197 197 197 198 199 198 198 198 199 199 201 199 200 199 200 200 202 200 203 200 201 201 202 201 200 201 203 202 204 202 205 202 202 203 204 203 203 203 205 204 206 204 207 204 207 205 206 205 208 205 204 206 206 206 205 206 206 207 209 207 208 207 208 208 210 208 211 208 209 209 210 209 208 209 211 210 212 210 213 210 210 211 212 211 211 211 213 212 214 212 215 212 215 213 214 213 216 213 212 214 214 214 213 214 214 215 217 215 216 215 216 216 218 216 219 216 219 217 218 217 220 217 217 218 218 218 216 218 218 219 221 219 220 219 220 220 222 220 223 220 221 221 222 221 220 221 222 222 224 222 223 222 223 223 224 223 225 223 224 224 226 224 225 224 225 225 226 225 227 225 226 226 228 226 227 226 227 227 228 227 229 227 228 228 230 228 229 228 229 229 230 229 231 229 231 230 232 230 233 230 230 231 232 231 231 231 233 232 234 232 235 232 232 233 234 233 233 233 235 234 236 234 237 234 234 235 236 235 235 235 237 236 238 236 239 236 236 237 238 237 237 237 239 238 240 238 241 238 238 239 240 239 239 239 241 240 242 240 243 240 240 241 242 241 241 241 243 242 244 242 245 242 242 243 244 243 243 243 245 244 246 244 247 244 244 245 246 245 245 245 247 246 248 246 249 246 246 247 248 247 247 247 249 248 250 248 251 248 248 249 250 249 249 249 251 250 0 250 2 250 250 251 0 251 251 251 156 252 162 252 158 252 158 253 162 253 160 253 162 254 166 254 164 254 150 255 148 255 152 255 152 256 148 256 154 256 156 257 168 257 162 257 162 258 168 258 166 258 154 259 168 259 156 259 146 260 144 260 148 260 168 261 172 261 170 261 148 262 140 262 154 262 144 263 140 263 148 263 142 264 140 264 144 264 168 265 176 265 172 265 172 266 176 266 174 266 138 267 136 267 140 267 176 268 180 268 178 268 134 269 132 269 136 269 176 270 186 270 180 270 180 271 186 271 182 271 182 272 186 272 184 272 168 273 189 273 176 273 176 274 189 274 186 274 128 275 126 275 130 275 130 276 126 276 132 276 132 277 126 277 136 277 189 278 192 278 190 278 122 279 120 279 124 279 124 280 120 280 126 280 126 281 120 281 136 281 118 282 116 282 120 282 192 283 201 283 194 283 194 284 201 284 196 284 196 285 201 285 199 285 192 286 202 286 201 286 168 287 202 287 189 287 189 288 202 288 192 288 114 289 112 289 116 289 202 290 206 290 204 290 168 291 206 291 202 291 154 292 206 292 168 292 140 293 206 293 154 293 120 294 106 294 136 294 116 295 106 295 120 295 112 296 106 296 116 296 108 297 106 297 110 297 110 298 106 298 112 298 209 299 214 299 210 299 210 300 214 300 212 300 102 301 100 301 104 301 104 302 100 302 106 302 100 303 98 303 106 303 214 304 221 304 217 304 217 305 221 305 218 305 96 306 94 306 98 306 221 307 224 307 222 307 209 308 224 308 214 308 214 309 224 309 221 309 92 310 90 310 94 310 206 311 226 311 209 311 209 312 226 312 224 312 94 313 88 313 98 313 90 314 88 314 94 314 206 315 228 315 226 315 206 316 230 316 228 316 84 317 83 317 86 317 86 318 83 318 88 318 98 319 83 319 106 319 88 320 83 320 98 320 140 321 234 321 206 321 230 322 234 322 232 322 136 323 234 323 140 323 206 324 234 324 230 324 80 325 78 325 83 325 234 326 240 326 236 326 236 327 240 327 238 327 76 328 74 328 78 328 136 329 242 329 234 329 234 330 242 330 240 330 72 331 71 331 74 331 74 332 71 332 78 332 242 333 246 333 244 333 136 334 246 334 242 334 246 335 250 335 248 335 136 336 250 336 246 336 71 337 64 337 78 337 67 338 64 338 68 338 68 339 64 339 71 339 78 340 64 340 83 340 250 341 1 341 0 341 250 342 4 342 1 342 136 343 4 343 250 343 59 344 57 344 60 344 60 345 57 345 63 345 63 346 57 346 64 346 57 347 54 347 64 347 7 348 11 348 8 348 54 349 52 349 64 349 7 350 13 350 11 350 52 351 51 351 64 351 4 352 14 352 7 352 7 353 14 353 13 353 51 354 48 354 64 354 136 355 16 355 4 355 106 356 16 356 136 356 4 357 16 357 14 357 44 358 43 358 47 358 47 359 43 359 48 359 19 360 22 360 20 360 16 361 24 361 19 361 106 362 24 362 16 362 19 363 24 363 22 363 64 364 38 364 83 364 40 365 38 365 43 365 48 366 38 366 64 366 43 367 38 367 48 367 24 368 28 368 26 368 24 369 30 369 28 369 34 370 32 370 36 370 36 371 32 371 38 371 106 372 32 372 24 372 38 373 32 373 83 373 24 374 32 374 30 374 83 375 32 375 106 375 163 376 157 376 159 376 163 377 159 377 161 377 167 378 163 378 165 378 149 379 151 379 153 379 149 380 153 380 155 380 169 381 157 381 163 381 169 382 163 382 167 382 169 383 155 383 157 383 145 384 147 384 149 384 173 385 169 385 171 385 141 386 149 386 155 386 141 387 145 387 149 387 141 388 143 388 145 388 177 389 169 389 173 389 177 390 173 390 175 390 137 391 139 391 141 391 181 392 177 392 179 392 133 393 135 393 137 393 187 394 177 394 181 394 187 395 181 395 183 395 187 396 183 396 185 396 188 397 169 397 177 397 188 398 177 398 187 398 127 399 129 399 131 399 127 400 131 400 133 400 127 401 133 401 137 401 193 402 188 402 191 402 121 403 123 403 125 403 121 404 125 404 127 404 121 405 127 405 137 405 117 406 119 406 121 406 200 407 193 407 195 407 200 408 195 408 197 408 200 409 197 409 198 409 203 410 193 410 200 410 203 411 169 411 188 411 203 412 188 412 193 412 113 413 115 413 117 413 207 414 203 414 205 414 207 415 169 415 203 415 207 416 155 416 169 416 207 417 141 417 155 417 107 418 121 418 137 418 107 419 117 419 121 419 107 420 113 420 117 420 107 421 109 421 111 421 107 422 111 422 113 422 215 423 208 423 211 423 215 424 211 424 213 424 101 425 103 425 105 425 101 426 105 426 107 426 99 427 101 427 107 427 220 428 215 428 216 428 220 429 216 429 219 429 95 430 97 430 99 430 225 431 220 431 223 431 225 432 208 432 215 432 225 433 215 433 220 433 91 434 93 434 95 434 227 435 207 435 208 435 227 436 208 436 225 436 89 437 95 437 99 437 89 438 91 438 95 438 229 439 207 439 227 439 231 440 207 440 229 440 82 441 85 441 87 441 82 442 87 442 89 442 82 443 99 443 107 443 82 444 89 444 99 444 235 445 141 445 207 445 235 446 231 446 233 446 235 447 137 447 141 447 235 448 207 448 231 448 79 449 81 449 82 449 241 450 235 450 237 450 241 451 237 451 239 451 75 452 77 452 79 452 243 453 137 453 235 453 243 454 235 454 241 454 70 455 73 455 75 455 70 456 75 456 79 456 247 457 243 457 245 457 247 458 137 458 243 458 251 459 247 459 249 459 251 460 137 460 247 460 65 461 70 461 79 461 65 462 66 462 69 462 65 463 69 463 70 463 65 464 79 464 82 464 3 465 251 465 2 465 5 466 251 466 3 466 5 467 137 467 251 467 56 468 58 468 61 468 56 469 61 469 62 469 56 470 62 470 65 470 55 471 56 471 65 471 10 472 6 472 9 472 53 473 55 473 65 473 12 474 6 474 10 474 50 475 53 475 65 475 15 476 5 476 6 476 15 477 6 477 12 477 49 478 50 478 65 478 17 479 137 479 5 479 17 480 107 480 137 480 17 481 5 481 15 481 42 482 45 482 46 482 42 483 46 483 49 483 23 484 18 484 21 484 25 485 17 485 18 485 25 486 107 486 17 486 25 487 18 487 23 487 39 488 65 488 82 488 39 489 41 489 42 489 39 490 49 490 65 490 39 491 42 491 49 491 29 492 25 492 27 492 31 493 25 493 29 493 33 494 35 494 37 494 33 495 37 495 39 495 33 496 107 496 25 496 33 497 39 497 82 497 33 498 25 498 31 498 33 499 82 499 107 499</p>
        </triangles>
      </mesh>
    </geometry>
    <geometry id="geometry1" name="Cylinder001">
      <mesh>
        <source id="cubeverts-array1">
          <float_array count="756" id="cubeverts-array1-array">0.0485 -1.187907e-17 0.024 0.04843971 0.002417526 0.024 0.0485 -1.187907e-17 0.071 0.04843971 0.002417526 0.071 0.04825899 0.004829041 0.024 0.04825899 0.004829041 0.071 0.04795829 0.00722855 0.071 0.04795829 0.00722855 0.024 0.04753836 0.009610088 0.024 0.04753836 0.009610088 0.071 0.04700025 0.01196773 0.071 0.04700025 0.01196773 0.024 0.04634528 0.01429563 0.024 0.04634528 0.01429563 0.071 0.04557509 0.01658798 0.071 0.04557509 0.01658798 0.024 0.0446916 0.01883909 0.024 0.0446916 0.01883909 0.071 0.04369699 0.02104336 0.071 0.04369699 0.02104336 0.024 0.04259375 0.02319532 0.071 0.04259375 0.02319532 0.024 0.04138461 0.02528961 0.024 0.04138461 0.02528961 0.071 0.04007258 0.02732102 0.071 0.04007258 0.02732102 0.024 0.03866093 0.02928451 0.024 0.03866093 0.02928451 0.071 0.03715316 0.0311752 0.071 0.03715316 0.0311752 0.024 0.03555302 0.03298838 0.024 0.03555302 0.03298838 0.071 0.03386449 0.03471954 0.024 0.03386449 0.03471954 0.071 0.03209176 0.03636439 0.071 0.03209176 0.03636439 0.024 0.03023926 0.03791883 0.024 0.03023926 0.03791883 0.071 0.02831157 0.03937899 0.024 0.02831157 0.03937899 0.071 0.02631349 0.04074126 0.024 0.02631349 0.04074126 0.071 0.02425 0.04200223 0.024 0.02425 0.04200223 0.071 0.02212622 0.04315878 0.024 0.02212622 0.04315878 0.071 0.01994742 0.04420803 0.024 0.01994742 0.04420803 0.071 0.01771904 0.04514738 0.024 0.01771904 0.04514738 0.071 0.0154466 0.04597448 0.024 0.0154466 0.04597448 0.071 0.01313576 0.04668727 0.071 0.01313576 0.04668727 0.024 0.01079226 0.047284 0.024 0.01079226 0.047284 0.071 0.008421937 0.04776318 0.071 0.008421937 0.04776318 0.024 0.00603067 0.0481236 0.024 0.00603067 0.0481236 0.071 0.003624409 0.04836438 0.024 0.003624409 0.04836438 0.071 0.001209139 0.04848492 0.024 0.001209139 0.04848492 0.071 -0.001209139 0.04848492 0.071 -0.001209139 0.04848492 0.024 -0.003624409 0.04836438 0.024 -0.003624409 0.04836438 0.071 -0.00603067 0.0481236 0.024 -0.00603067 0.0481236 0.071 -0.008421937 0.04776318 0.024 -0.008421937 0.04776318 0.071 -0.01079226 0.047284 0.071 -0.01079226 0.047284 0.024 -0.01313576 0.04668727 0.071 -0.01313576 0.04668727 0.024 -0.0154466 0.04597448 0.024 -0.0154466 0.04597448 0.071 -0.01771904 0.04514738 0.024 -0.01771904 0.04514738 0.071 -0.01994742 0.04420803 0.024 -0.01994742 0.04420803 0.071 -0.02212622 0.04315878 0.024 -0.02212622 0.04315878 0.071 -0.02425 0.04200223 0.024 -0.02425 0.04200223 0.071 -0.02631349 0.04074126 0.024 -0.02631349 0.04074126 0.071 -0.02831157 0.03937899 0.024 -0.02831157 0.03937899 0.071 -0.03023926 0.03791883 0.024 -0.03023926 0.03791883 0.071 -0.03209176 0.03636439 0.024 -0.03209176 0.03636439 0.071 -0.03386449 0.03471954 0.071 -0.03386449 0.03471954 0.024 -0.03555302 0.03298838 0.024 -0.03555302 0.03298838 0.071 -0.03715316 0.0311752 0.024 -0.03715316 0.0311752 0.071 -0.03866093 0.02928451 0.071 -0.03866093 0.02928451 0.024 -0.04007258 0.02732102 0.024 -0.04007258 0.02732102 0.071 -0.04138461 0.02528961 0.024 -0.04138461 0.02528961 0.071 -0.04259375 0.02319532 0.071 -0.04259375 0.02319532 0.024 -0.04369699 0.02104336 0.024 -0.04369699 0.02104336 0.071 -0.0446916 0.01883909 0.071 -0.0446916 0.01883909 0.024 -0.04557509 0.01658798 0.024 -0.04557509 0.01658798 0.071 -0.04634528 0.01429563 0.024 -0.04634528 0.01429563 0.071 -0.04700025 0.01196773 0.024 -0.04700025 0.01196773 0.071 -0.04753836 0.009610088 0.024 -0.04753836 0.009610088 0.071 -0.04795829 0.00722855 0.071 -0.04795829 0.00722855 0.024 -0.04825899 0.004829041 0.024 -0.04825899 0.004829041 0.071 -0.04843971 0.002417526 0.024 -0.04843971 0.002417526 0.071 -0.0485 -1.663671e-16 0.024 -0.0485 -1.663671e-16 0.071 -0.04843971 -0.002417526 0.024 -0.04843971 -0.002417526 0.071 -0.04825899 -0.004829041 0.071 -0.04825899 -0.004829041 0.024 -0.04795829 -0.00722855 0.024 -0.04795829 -0.00722855 0.071 -0.04753836 -0.009610088 0.024 -0.04753836 -0.009610088 0.071 -0.04700025 -0.01196773 0.024 -0.04700025 -0.01196773 0.071 -0.04634528 -0.01429563 0.024 -0.04634528 -0.01429563 0.071 -0.04557509 -0.01658798 0.024 -0.04557509 -0.01658798 0.071 -0.0446916 -0.01883909 0.024 -0.0446916 -0.01883909 0.071 -0.04369699 -0.02104336 0.024 -0.04369699 -0.02104336 0.071 -0.04259375 -0.02319532 0.024 -0.04259375 -0.02319532 0.071 -0.04138461 -0.02528961 0.071 -0.04138461 -0.02528961 0.024 -0.04007258 -0.02732102 0.024 -0.04007258 -0.02732102 0.071 -0.03866093 -0.02928451 0.024 -0.03866093 -0.02928451 0.071 -0.03715316 -0.0311752 0.024 -0.03715316 -0.0311752 0.071 -0.03555302 -0.03298838 0.071 -0.03555302 -0.03298838 0.024 -0.03386449 -0.03471954 0.024 -0.03386449 -0.03471954 0.071 -0.03209176 -0.03636439 0.024 -0.03209176 -0.03636439 0.071 -0.03023926 -0.03791883 0.024 -0.03023926 -0.03791883 0.071 -0.02831157 -0.03937899 0.024 -0.02831157 -0.03937899 0.071 -0.02631349 -0.04074126 0.071 -0.02631349 -0.04074126 0.024 -0.02425 -0.04200223 0.024 -0.02425 -0.04200223 0.071 -0.02212622 -0.04315878 0.024 -0.02212622 -0.04315878 0.071 -0.01994742 -0.04420803 0.071 -0.01994742 -0.04420803 0.024 -0.01771904 -0.04514738 0.024 -0.01771904 -0.04514738 0.071 -0.0154466 -0.04597448 0.071 -0.0154466 -0.04597448 0.024 -0.01313576 -0.04668727 0.071 -0.01313576 -0.04668727 0.024 -0.01079226 -0.047284 0.024 -0.01079226 -0.047284 0.071 -0.008421937 -0.04776318 0.071 -0.008421937 -0.04776318 0.024 -0.00603067 -0.0481236 0.024 -0.00603067 -0.0481236 0.071 -0.003624409 -0.04836438 0.071 -0.003624409 -0.04836438 0.024 -0.001209139 -0.04848492 0.024 -0.001209139 -0.04848492 0.071 0.001209139 -0.04848492 0.071 0.001209139 -0.04848492 0.024 0.003624409 -0.04836438 0.024 0.003624409 -0.04836438 0.071 0.00603067 -0.0481236 0.024 0.00603067 -0.0481236 0.071 0.008421937 -0.04776318 0.071 0.008421937 -0.04776318 0.024 0.01079226 -0.047284 0.024 0.01079226 -0.047284 0.071 0.01313576 -0.04668727 0.024 0.01313576 -0.04668727 0.071 0.0154466 -0.04597448 0.071 0.0154466 -0.04597448 0.024 0.01771904 -0.04514738 0.024 0.01771904 -0.04514738 0.071 0.01994742 -0.04420803 0.024 0.01994742 -0.04420803 0.071 0.02212622 -0.04315878 0.024 0.02212622 -0.04315878 0.071 0.02425 -0.04200223 0.071 0.02425 -0.04200223 0.024 0.02631349 -0.04074126 0.024 0.02631349 -0.04074126 0.071 0.02831157 -0.03937899 0.024 0.02831157 -0.03937899 0.071 0.03023926 -0.03791883 0.024 0.03023926 -0.03791883 0.071 0.03209176 -0.03636439 0.071 0.03209176 -0.03636439 0.024 0.03386449 -0.03471954 0.024 0.03386449 -0.03471954 0.071 0.03555302 -0.03298838 0.024 0.03555302 -0.03298838 0.071 0.03715316 -0.0311752 0.024 0.03715316 -0.0311752 0.071 0.03866093 -0.02928451 0.024 0.03866093 -0.02928451 0.071 0.04007258 -0.02732102 0.024 0.04007258 -0.02732102 0.071 0.04138461 -0.02528961 0.071 0.04138461 -0.02528961 0.024 0.04259375 -0.02319532 0.024 0.04259375 -0.02319532 0.071 0.04369699 -0.02104336 0.024 0.04369699 -0.02104336 0.071 0.0446916 -0.01883909 0.024 0.0446916 -0.01883909 0.071 0.04557509 -0.01658798 0.024 0.04557509 -0.01658798 0.071 0.04634528 -0.01429563 0.024 0.04634528 -0.01429563 0.071 0.04700025 -0.01196773 0.024 0.04700025 -0.01196773 0.071 0.04753836 -0.009610088 0.024 0.04753836 -0.009610088 0.071 0.04795829 -0.00722855 0.071 0.04795829 -0.00722855 0.024 0.04825899 -0.004829041 0.024 0.04825899 -0.004829041 0.071 0.04843971 -0.002417526 0.024 0.04843971 -0.002417526 0.071</float_array>
          <technique_common>
            <accessor count="252" source="#cubeverts-array1-array" stride="3">
              <param type="float" name="X"/>
              <param type="float" name="Y"/>
              <param type="float" name="Z"/>
            </accessor>
          </technique_common>
        </source>
        <source id="cubenormals-array1">
          <float_array count="1500" id="cubenormals-array1-array">0.9996892 0.02492993 -0 0.9996892 0.02492993 0 0.9972037 0.07473142 0 0.9922392 0.1243436 0 0.9972037 0.07473142 -0 0.9922392 0.1243436 0 0.9848077 0.1736482 0 0.974928 0.2225207 0 0.9848077 0.1736482 -0 0.974928 0.2225207 0 0.9626242 0.2708409 0 0.9479275 0.3184861 0 0.9626242 0.2708409 -0 0.9479275 0.3184861 0 0.9308739 0.3653407 0 0.9115059 0.4112871 0 0.9308739 0.3653407 -0 0.8898716 0.456211 0 0.9115059 0.4112871 0 0.8898716 0.456211 0 0.8660257 0.4999995 -0 0.8660257 0.4999995 0 0.8400258 0.5425465 0 0.8400258 0.5425465 0 0.8119377 0.583744 -0 0.8119377 0.583744 0 0.7818317 0.6234895 0 0.7818317 0.6234895 0 0.749781 0.6616861 0 0.749781 0.6616861 -0 0.7158673 0.6982363 0 0.680172 0.7330527 0 0.7158673 0.6982363 -0 0.680172 0.7330527 0 0.6427881 0.7660441 0 0.6427881 0.7660441 -0 0.6038043 0.7971326 0 0.6038043 0.7971326 -0 0.5633199 0.8262389 0 0.5633199 0.8262389 -0 0.5214352 0.8532909 0 0.5214352 0.8532909 -0 0.4782542 0.8782215 0 0.4782542 0.8782215 -0 0.4338838 0.9009688 0 0.4338838 0.9009688 -0 0.3884347 0.9214762 0 0.3884347 0.9214762 -0 0.3420199 0.9396927 0 0.294755 0.9555728 0 0.3420199 0.9396927 -0 0.294755 0.9555728 0 0.2467579 0.9690772 0 0.198146 0.9801725 0 0.2467579 0.9690772 -0 0.198146 0.9801725 0 0.1490417 0.988831 0 0.1490417 0.988831 -0 0.09956828 0.9950308 0 0.09956828 0.9950308 -0 0.04984566 0.9987569 0 0 1 0 0.04984566 0.9987569 -0 0 1 0 -0.04984566 0.9987569 0 -0.04984566 0.9987569 0 -0.09956828 0.9950308 0 -0.09956828 0.9950308 0 -0.1490417 0.988831 0 -0.198146 0.9801725 0 -0.1490417 0.988831 0 -0.2467579 0.9690772 0 -0.198146 0.9801725 0 -0.2467579 0.9690772 0 -0.294755 0.9555728 0 -0.294755 0.9555728 0 -0.3420199 0.9396927 0 -0.3420199 0.9396927 0 -0.3884347 0.9214762 0 -0.3884347 0.9214762 0 -0.4338838 0.9009688 0 -0.4338838 0.9009688 0 -0.4782542 0.8782215 0 -0.4782542 0.8782215 0 -0.5214352 0.8532909 0 -0.5214352 0.8532909 0 -0.5633199 0.8262389 0 -0.5633199 0.8262389 0 -0.6038043 0.7971326 0 -0.6038043 0.7971326 0 -0.6427881 0.7660441 0 -0.6427881 0.7660441 0 -0.680172 0.7330527 0 -0.680172 0.7330527 0 -0.7158673 0.6982363 0 -0.7158673 0.6982363 0 -0.749781 0.6616861 0 -0.7818317 0.6234895 0 -0.749781 0.6616861 0 -0.7818317 0.6234895 0 -0.8119377 0.583744 0 -0.8119377 0.583744 0 -0.8400258 0.5425465 0 -0.8660257 0.4999995 0 -0.8400258 0.5425465 0 -0.8660257 0.4999995 0 -0.8898716 0.456211 0 -0.9115059 0.4112871 0 -0.8898716 0.456211 0 -0.9115059 0.4112871 0 -0.9308739 0.3653407 0 -0.9308739 0.3653407 0 -0.9479275 0.3184861 0 -0.9479275 0.3184861 0 -0.9626242 0.2708409 0 -0.9626242 0.2708409 0 -0.974928 0.2225207 0 -0.9848077 0.1736482 0 -0.974928 0.2225207 0 -0.9848077 0.1736482 0 -0.9922392 0.1243436 0 -0.9922392 0.1243436 0 -0.9972037 0.07473142 0 -0.9972037 0.07473142 0 -0.9996892 0.02492993 0 -0.9996892 0.02492993 0 -0.9996892 -0.02492993 0 -0.9996892 -0.02492993 0 -0.9972037 -0.07473142 -0 -0.9972037 -0.07473142 0 -0.9922392 -0.1243436 0 -0.9922392 -0.1243436 0 -0.9848077 -0.1736482 0 -0.9848077 -0.1736482 0 -0.974928 -0.2225207 0 -0.974928 -0.2225207 0 -0.9626242 -0.2708409 0 -0.9626242 -0.2708409 0 -0.9479275 -0.3184861 0 -0.9479275 -0.3184861 0 -0.9308739 -0.3653407 0 -0.9308739 -0.3653407 0 -0.9115059 -0.4112871 0 -0.9115059 -0.4112871 0 -0.8898716 -0.456211 0 -0.8898716 -0.456211 0 -0.8660257 -0.4999995 -0 -0.8660257 -0.4999995 0 -0.8400258 -0.5425465 0 -0.8400258 -0.5425465 0 -0.8119377 -0.583744 0 -0.8119377 -0.583744 0 -0.7818317 -0.6234895 0 -0.7818317 -0.6234895 0 -0.749781 -0.6616861 -0 -0.749781 -0.6616861 0 -0.7158673 -0.6982363 0 -0.7158673 -0.6982363 0 -0.680172 -0.7330527 0 -0.680172 -0.7330527 0 -0.6427881 -0.7660441 0 -0.6427881 -0.7660441 0 -0.6038043 -0.7971326 0 -0.6038043 -0.7971326 0 -0.5633199 -0.8262389 -0 -0.5633199 -0.8262389 0 -0.5214352 -0.8532909 0 -0.5214352 -0.8532909 0 -0.4782542 -0.8782215 0 -0.4338838 -0.9009688 -0 -0.4782542 -0.8782215 0 -0.4338838 -0.9009688 0 -0.3884347 -0.9214762 0 -0.3420199 -0.9396927 -0 -0.3884347 -0.9214762 0 -0.3420199 -0.9396927 0 -0.294755 -0.9555728 -0 -0.294755 -0.9555728 0 -0.2467579 -0.9690772 0 -0.2467579 -0.9690772 0 -0.198146 -0.9801725 -0 -0.198146 -0.9801725 0 -0.1490417 -0.988831 0 -0.1490417 -0.988831 0 -0.09956828 -0.9950308 -0 -0.09956828 -0.9950308 0 -0.04984566 -0.9987569 0 -0.04984566 -0.9987569 0 0 -1 0 0 -1 0 0.04984566 -0.9987569 0 0.04984566 -0.9987569 0 0.09956828 -0.9950308 0 0.09956828 -0.9950308 0 0.1490417 -0.988831 0 0.1490417 -0.988831 0 0.198146 -0.9801725 0 0.198146 -0.9801725 0 0.2467579 -0.9690772 0 0.294755 -0.9555728 0 0.2467579 -0.9690772 0 0.294755 -0.9555728 0 0.3420199 -0.9396927 0 0.3420199 -0.9396927 0 0.3884347 -0.9214762 0 0.3884347 -0.9214762 0 0.4338838 -0.9009688 0 0.4782542 -0.8782215 0 0.4338838 -0.9009688 0 0.4782542 -0.8782215 0 0.5214352 -0.8532909 0 0.5214352 -0.8532909 0 0.5633199 -0.8262389 0 0.5633199 -0.8262389 0 0.6038043 -0.7971326 0 0.6427881 -0.7660441 0 0.6038043 -0.7971326 0 0.6427881 -0.7660441 0 0.680172 -0.7330527 0 0.680172 -0.7330527 0 0.7158673 -0.6982363 0 0.7158673 -0.6982363 0 0.749781 -0.6616861 0 0.749781 -0.6616861 0 0.7818317 -0.6234895 0 0.7818317 -0.6234895 0 0.8119377 -0.583744 0 0.8119377 -0.583744 0 0.8400258 -0.5425465 0 0.8400258 -0.5425465 0 0.8660257 -0.4999995 0 0.8660257 -0.4999995 0 0.8898716 -0.456211 0 0.8898716 -0.456211 0 0.9115059 -0.4112871 0 0.9115059 -0.4112871 0 0.9308739 -0.3653407 0 0.9308739 -0.3653407 0 0.9479275 -0.3184861 0 0.9479275 -0.3184861 0 0.9626242 -0.2708409 0 0.9626242 -0.2708409 0 0.974928 -0.2225207 0 0.9848077 -0.1736482 0 0.974928 -0.2225207 0 0.9848077 -0.1736482 0 0.9922392 -0.1243436 0 0.9922392 -0.1243436 0 0.9972037 -0.07473142 0 0.9972037 -0.07473142 0 0.9996892 -0.02492993 0 0.9996892 -0.02492993 0 0 0 -1 0 0 -1 0 0 -1 0 0 -1 0 0 -1 0 0 -1 0 0 -1 0 0 -1 0 0 -1 0 0 -1 0 0 -1 0 0 -1 0 0 -1 0 0 -1 0 0 -1 0 0 -1 0 0 -1 0 0 -1 0 0 -1 0 0 -1 0 0 -1 0 0 -1 0 0 -1 0 0 -1 0 0 -1 0 0 -1 0 0 -1 0 0 -1 0 0 -1 0 0 -1 0 -0 -1 0 0 -1 0 0 -1 0 0 -1 0 0 -1 0 0 -1 0 0 -1 0 0 -1 0 0 -1 0 0 -1 0 -0 -1 0 0 -1 0 -0 -1 0 -0 -1 0 0 -1 0 -0 -1 0 -0 -1 0 0 -1 0 0 -1 0 -0 -1 0 0 -1 0 0 -1 0 0 -1 0 0 -1 0 -0 -1 0 -0 -1 0 -0 -1 0 -0 -1 0 -0 -1 0 -0 -1 0 -0 -1 0 0 -1 0 0 -1 0 0 -1 0 0 -1 0 0 -1 0 0 -1 0 -0 -1 0 -0 -1 0 -0 -1 0 0 -1 0 0 -1 0 -0 -1 0 0 -1 0 0 -1 0 -0 -1 0 -0 -1 0 -0 -1 0 -0 -1 0 0 -1 0 -0 -1 0 0 -1 0 0 -1 0 0 -1 0 0 -1 0 0 -1 -0 -0 -1 0 -0 -1 0 -0 -1 0 0 -1 -0 -0 -1 0 0 -1 0 0 -1 0 0 -1 0 0 -1 0 0 -1 -0 -0 -1 -0 -0 -1 0 0 -1 0 0 -1 0 0 -1 -0 -0 -1 0 -0 -1 -0 -0 -1 0 0 -1 0 -0 -1 0 0 -1 -0 -0 -1 -0 -0 -1 0 0 -1 0 0 -1 0 0 -1 -0 -0 -1 -0 -0 -1 0 0 -1 0 0 -1 -0 -0 -1 0 0 -1 -0 -0 -1 0 0 -1 0 0 -1 -0 -0 -1 0 0 -1 -0 -0 -1 0 0 1 0 0 1 0 0 1 0 0 1 0 0 1 0 0 1 0 0 1 0 0 1 0 0 1 0 0 1 0 0 1 0 0 1 0 0 1 0 0 1 0 0 1 0 0 1 0 0 1 0 0 1 0 0 1 0 0 1 0 0 1 0 0 1 0 0 1 0 0 1 0 0 1 0 0 1 0 0 1 0 0 1 0 0 1 0 0 1 0 0 1 0 0 1 0 0 1 0 0 1 0 0 1 0 0 1 0 0 1 0 0 1 0 0 1 0 0 1 0 0 1 0 0 1 0 0 1 0 0 1 0 0 1 0 0 1 0 0 1 0 0 1 0 0 1 0 0 1 0 0 1 0 0 1 0 0 1 0 0 1 0 0 1 0 0 1 0 0 1 0 0 1 0 0 1 0 0 1 0 0 1 0 0 1 0 0 1 0 0 1 0 0 1 0 0 1 0 0 1 0 0 1 0 0 1 0 0 1 0 0 1 0 0 1 0 0 1 0 0 1 0 0 1 0 0 1 0 0 1 0 0 1 0 0 1 0 0 1 0 0 1 0 0 1 0 0 1 0 0 1 0 0 1 0 0 1 0 0 1 0 0 1 0 0 1 0 0 1 0 0 1 0 0 1 0 0 1 0 0 1 0 0 1 0 0 1 0 0 1 0 0 1 0 0 1 0 0 1 0 0 1 0 0 1 0 0 1 0 0 1 0 0 1 0 0 1 0 0 1 0 0 1 0 0 1 0 0 1 0 0 1 0 0 1 0 0 1 0 0 1 0 0 1 0 0 1 0 0 1 0 0 1 0 0 1 0 0 1 0 0 1 0 0 1 0 0 1 0 0 1</float_array>
          <technique_common>
            <accessor count="500" source="#cubenormals-array1-array" stride="3">
              <param type="float" name="X"/>
              <param type="float" name="Y"/>
              <param type="float" name="Z"/>
            </accessor>
          </technique_common>
        </source>
        <vertices id="cubeverts-array1-vertices">
          <input semantic="POSITION" source="#cubeverts-array1"/>
        </vertices>
        <triangles count="500" material="ref_Cylinder001">
          <input offset="0" semantic="VERTEX" source="#cubeverts-array1-vertices"/>
          <input offset="1" semantic="NORMAL" source="#cubenormals-array1"/>
          <p>0 0 1 0 2 0 2 1 1 1 3 1 3 2 4 2 5 2 5 3 4 3 6 3 1 4 4 4 3 4 4 5 7 5 6 5 6 6 8 6 9 6 9 7 8 7 10 7 7 8 8 8 6 8 8 9 11 9 10 9 10 10 12 10 13 10 13 11 12 11 14 11 11 12 12 12 10 12 12 13 15 13 14 13 14 14 16 14 17 14 17 15 16 15 18 15 15 16 16 16 14 16 18 17 19 17 20 17 16 18 19 18 18 18 19 19 21 19 20 19 21 20 22 20 20 20 20 21 22 21 23 21 23 22 22 22 24 22 22 23 25 23 24 23 25 24 26 24 24 24 24 25 26 25 27 25 27 26 26 26 28 26 26 27 29 27 28 27 28 28 30 28 31 28 29 29 30 29 28 29 31 30 32 30 33 30 33 31 32 31 34 31 30 32 32 32 31 32 32 33 35 33 34 33 34 34 36 34 37 34 35 35 36 35 34 35 37 36 38 36 39 36 36 37 38 37 37 37 39 38 40 38 41 38 38 39 40 39 39 39 41 40 42 40 43 40 40 41 42 41 41 41 43 42 44 42 45 42 42 43 44 43 43 43 45 44 46 44 47 44 44 45 46 45 45 45 47 46 48 46 49 46 46 47 48 47 47 47 49 48 50 48 51 48 51 49 50 49 52 49 48 50 50 50 49 50 50 51 53 51 52 51 52 52 54 52 55 52 55 53 54 53 56 53 53 54 54 54 52 54 54 55 57 55 56 55 56 56 58 56 59 56 57 57 58 57 56 57 59 58 60 58 61 58 58 59 60 59 59 59 61 60 62 60 63 60 63 61 62 61 64 61 60 62 62 62 61 62 62 63 65 63 64 63 64 64 66 64 67 64 65 65 66 65 64 65 67 66 68 66 69 66 66 67 68 67 67 67 69 68 70 68 71 68 71 69 70 69 72 69 68 70 70 70 69 70 72 71 73 71 74 71 70 72 73 72 72 72 73 73 75 73 74 73 75 74 76 74 74 74 74 75 76 75 77 75 76 76 78 76 77 76 77 77 78 77 79 77 78 78 80 78 79 78 79 79 80 79 81 79 80 80 82 80 81 80 81 81 82 81 83 81 82 82 84 82 83 82 83 83 84 83 85 83 84 84 86 84 85 84 85 85 86 85 87 85 86 86 88 86 87 86 87 87 88 87 89 87 88 88 90 88 89 88 89 89 90 89 91 89 90 90 92 90 91 90 91 91 92 91 93 91 93 92 92 92 94 92 92 93 95 93 94 93 94 94 96 94 97 94 95 95 96 95 94 95 97 96 98 96 99 96 99 97 98 97 100 97 96 98 98 98 97 98 98 99 101 99 100 99 100 100 102 100 103 100 101 101 102 101 100 101 103 102 104 102 105 102 105 103 104 103 106 103 102 104 104 104 103 104 104 105 107 105 106 105 106 106 108 106 109 106 109 107 108 107 110 107 107 108 108 108 106 108 108 109 111 109 110 109 110 110 112 110 113 110 111 111 112 111 110 111 113 112 114 112 115 112 112 113 114 113 113 113 115 114 116 114 117 114 114 115 116 115 115 115 117 116 118 116 119 116 119 117 118 117 120 117 116 118 118 118 117 118 118 119 121 119 120 119 120 120 122 120 123 120 121 121 122 121 120 121 122 122 124 122 123 122 123 123 124 123 125 123 124 124 126 124 125 124 125 125 126 125 127 125 126 126 128 126 127 126 127 127 128 127 129 127 129 128 128 128 130 128 128 129 131 129 130 129 131 130 132 130 130 130 130 131 132 131 133 131 132 132 134 132 133 132 133 133 134 133 135 133 134 134 136 134 135 134 135 135 136 135 137 135 136 136 138 136 137 136 137 137 138 137 139 137 138 138 140 138 139 138 139 139 140 139 141 139 140 140 142 140 141 140 141 141 142 141 143 141 142 142 144 142 143 142 143 143 144 143 145 143 144 144 146 144 145 144 145 145 146 145 147 145 147 146 146 146 148 146 146 147 149 147 148 147 149 148 150 148 148 148 148 149 150 149 151 149 150 150 152 150 151 150 151 151 152 151 153 151 152 152 154 152 153 152 153 153 154 153 155 153 155 154 154 154 156 154 154 155 157 155 156 155 157 156 158 156 156 156 156 157 158 157 159 157 158 158 160 158 159 158 159 159 160 159 161 159 160 160 162 160 161 160 161 161 162 161 163 161 162 162 164 162 163 162 163 163 164 163 165 163 165 164 164 164 166 164 164 165 167 165 166 165 166 166 168 166 169 166 167 167 168 167 166 167 169 168 170 168 171 168 171 169 170 169 172 169 168 170 170 170 169 170 170 171 173 171 172 171 172 172 174 172 175 172 175 173 174 173 176 173 173 174 174 174 172 174 174 175 177 175 176 175 176 176 177 176 178 176 177 177 179 177 178 177 179 178 180 178 178 178 178 179 180 179 181 179 181 180 180 180 182 180 180 181 183 181 182 181 183 182 184 182 182 182 182 183 184 183 185 183 185 184 184 184 186 184 184 185 187 185 186 185 187 186 188 186 186 186 186 187 188 187 189 187 189 188 188 188 190 188 188 189 191 189 190 189 191 190 192 190 190 190 190 191 192 191 193 191 192 192 194 192 193 192 193 193 194 193 195 193 195 194 194 194 196 194 194 195 197 195 196 195 197 196 198 196 196 196 196 197 198 197 199 197 199 198 200 198 201 198 201 199 200 199 202 199 198 200 200 200 199 200 200 201 203 201 202 201 202 202 204 202 205 202 203 203 204 203 202 203 205 204 206 204 207 204 204 205 206 205 205 205 207 206 208 206 209 206 209 207 208 207 210 207 206 208 208 208 207 208 208 209 211 209 210 209 210 210 212 210 213 210 211 211 212 211 210 211 213 212 214 212 215 212 212 213 214 213 213 213 215 214 216 214 217 214 217 215 216 215 218 215 214 216 216 216 215 216 216 217 219 217 218 217 218 218 220 218 221 218 219 219 220 219 218 219 221 220 222 220 223 220 220 221 222 221 221 221 222 222 224 222 223 222 223 223 224 223 225 223 224 224 226 224 225 224 225 225 226 225 227 225 226 226 228 226 227 226 227 227 228 227 229 227 229 228 228 228 230 228 228 229 231 229 230 229 231 230 232 230 230 230 230 231 232 231 233 231 233 232 234 232 235 232 232 233 234 233 233 233 235 234 236 234 237 234 234 235 236 235 235 235 237 236 238 236 239 236 236 237 238 237 237 237 239 238 240 238 241 238 238 239 240 239 239 239 241 240 242 240 243 240 240 241 242 241 241 241 243 242 244 242 245 242 245 243 244 243 246 243 242 244 244 244 243 244 244 245 247 245 246 245 246 246 248 246 249 246 247 247 248 247 246 247 249 248 250 248 251 248 248 249 250 249 249 249 251 250 0 250 2 250 250 251 0 251 251 251 157 252 160 252 158 252 154 253 152 253 157 253 157 254 150 254 160 254 152 255 150 255 157 255 160 256 150 256 162 256 162 257 150 257 164 257 150 258 167 258 164 258 167 259 170 259 168 259 146 260 144 260 149 260 149 261 144 261 150 261 167 262 173 262 170 262 167 263 174 263 173 263 167 264 177 264 174 264 144 265 138 265 150 265 140 266 138 266 142 266 142 267 138 267 144 267 167 268 180 268 177 268 177 269 180 269 179 269 136 270 134 270 138 270 180 271 187 271 183 271 183 272 187 272 184 272 180 273 188 273 187 273 128 274 126 274 131 274 131 275 126 275 132 275 132 276 126 276 134 276 138 277 126 277 150 277 134 278 126 278 138 278 126 279 124 279 150 279 150 280 121 280 167 280 167 281 121 281 180 281 122 282 121 282 124 282 124 283 121 283 150 283 191 284 197 284 192 284 192 285 197 285 194 285 121 286 118 286 180 286 197 287 200 287 198 287 200 288 204 288 203 288 191 289 204 289 197 289 197 290 204 290 200 290 188 291 204 291 191 291 112 292 111 292 114 292 188 293 206 293 204 293 111 294 108 294 114 294 114 295 108 295 116 295 206 296 211 296 208 296 104 297 102 297 107 297 107 298 102 298 108 298 211 299 214 299 212 299 206 300 214 300 211 300 101 301 98 301 102 301 214 302 220 302 216 302 216 303 220 303 219 303 206 304 220 304 214 304 188 305 220 305 206 305 98 306 95 306 102 306 96 307 95 307 98 307 95 308 92 308 102 308 108 309 92 309 116 309 102 310 92 310 108 310 116 311 92 311 118 311 92 312 90 312 118 312 220 313 231 313 222 313 222 314 231 314 224 314 224 315 231 315 226 315 226 316 231 316 228 316 188 317 231 317 220 317 118 318 84 318 180 318 86 319 84 319 88 319 88 320 84 320 90 320 90 321 84 321 118 321 231 322 236 322 232 322 232 323 236 323 234 323 76 324 75 324 78 324 238 325 244 325 240 325 240 326 244 326 242 326 73 327 70 327 75 327 78 328 70 328 80 328 80 329 70 329 82 329 82 330 70 330 84 330 84 331 70 331 180 331 75 332 70 332 78 332 180 333 70 333 188 333 236 334 248 334 238 334 244 335 248 335 247 335 231 336 248 336 236 336 238 337 248 337 244 337 62 338 60 338 65 338 65 339 60 339 66 339 66 340 60 340 68 340 1 341 7 341 4 341 58 342 57 342 60 342 0 343 11 343 1 343 7 344 11 344 8 344 248 345 11 345 250 345 250 346 11 346 0 346 1 347 11 347 7 347 53 348 50 348 54 348 54 349 50 349 57 349 70 350 15 350 188 350 11 351 15 351 12 351 231 352 15 352 248 352 50 353 15 353 57 353 60 354 15 354 68 354 57 355 15 355 60 355 248 356 15 356 11 356 68 357 15 357 70 357 188 358 15 358 231 358 46 359 44 359 48 359 48 360 44 360 50 360 16 361 21 361 19 361 15 362 22 362 16 362 16 363 22 363 21 363 42 364 40 364 44 364 44 365 40 365 50 365 15 366 25 366 22 366 15 367 26 367 25 367 38 368 36 368 40 368 15 369 29 369 26 369 36 370 35 370 40 370 29 371 32 371 30 371 50 372 32 372 15 372 40 373 32 373 50 373 15 374 32 374 29 374 35 375 32 375 40 375 161 376 156 376 159 376 153 377 155 377 156 377 151 378 156 378 161 378 151 379 153 379 156 379 151 380 161 380 163 380 151 381 163 381 165 381 166 382 151 382 165 382 171 383 166 383 169 383 145 384 147 384 148 384 145 385 148 385 151 385 172 386 166 386 171 386 175 387 166 387 172 387 176 388 166 388 175 388 139 389 145 389 151 389 139 390 141 390 143 390 139 391 143 391 145 391 181 392 166 392 176 392 181 393 176 393 178 393 135 394 137 394 139 394 186 395 181 395 182 395 186 396 182 396 185 396 189 397 181 397 186 397 127 398 129 398 130 398 127 399 130 399 133 399 127 400 133 400 135 400 127 401 139 401 151 401 127 402 135 402 139 402 125 403 127 403 151 403 120 404 151 404 166 404 120 405 166 405 181 405 120 406 123 406 125 406 120 407 125 407 151 407 196 408 190 408 193 408 196 409 193 409 195 409 119 410 120 410 181 410 201 411 196 411 199 411 205 412 201 412 202 412 205 413 190 413 196 413 205 414 196 414 201 414 205 415 189 415 190 415 110 416 113 416 115 416 207 417 189 417 205 417 109 418 110 418 115 418 109 419 115 419 117 419 210 420 207 420 209 420 103 421 105 421 106 421 103 422 106 422 109 422 215 423 210 423 213 423 215 424 207 424 210 424 99 425 100 425 103 425 221 426 215 426 217 426 221 427 217 427 218 427 221 428 207 428 215 428 221 429 189 429 207 429 94 430 99 430 103 430 94 431 97 431 99 431 93 432 94 432 103 432 93 433 109 433 117 433 93 434 103 434 109 434 93 435 117 435 119 435 91 436 93 436 119 436 230 437 221 437 223 437 230 438 223 438 225 438 230 439 225 439 227 439 230 440 227 440 229 440 230 441 189 441 221 441 85 442 119 442 181 442 85 443 87 443 89 443 85 444 89 444 91 444 85 445 91 445 119 445 237 446 230 446 233 446 237 447 233 447 235 447 74 448 77 448 79 448 245 449 239 449 241 449 245 450 241 450 243 450 71 451 72 451 74 451 71 452 79 452 81 452 71 453 81 453 83 453 71 454 83 454 85 454 71 455 85 455 181 455 71 456 74 456 79 456 71 457 181 457 189 457 249 458 237 458 239 458 249 459 245 459 246 459 249 460 230 460 237 460 249 461 239 461 245 461 61 462 63 462 64 462 61 463 64 463 67 463 61 464 67 464 69 464 6 465 3 465 5 465 56 466 59 466 61 466 10 467 2 467 3 467 10 468 6 468 9 468 10 469 249 469 251 469 10 470 251 470 2 470 10 471 3 471 6 471 51 472 52 472 55 472 51 473 55 473 56 473 14 474 71 474 189 474 14 475 10 475 13 475 14 476 230 476 249 476 14 477 51 477 56 477 14 478 61 478 69 478 14 479 56 479 61 479 14 480 249 480 10 480 14 481 69 481 71 481 14 482 189 482 230 482 45 483 47 483 49 483 45 484 49 484 51 484 20 485 17 485 18 485 23 486 14 486 17 486 23 487 17 487 20 487 41 488 43 488 45 488 41 489 45 489 51 489 24 490 14 490 23 490 27 491 14 491 24 491 37 492 39 492 41 492 28 493 14 493 27 493 34 494 37 494 41 494 33 495 28 495 31 495 33 496 51 496 14 496 33 497 41 497 51 497 33 498 14 498 28 498 33 499 34 499 41 499</p>
        </triangles>
      </mesh>
    </geometry>
    <geometry id="geometry2" name="Cylinder002">
      <mesh>
        <source id="cubeverts-array2">
          <float_array count="756" id="cubeverts-array2-array">0.05 -1.224647e-17 0.071 0.04993785 0.002492294 0.071 0.05 -1.224647e-17 0.076 0.04993785 0.002492294 0.076 0.04975154 0.004978392 0.071 0.04975154 0.004978392 0.076 0.04944154 0.007452113 0.076 0.04944154 0.007452113 0.071 0.04900863 0.009907308 0.071 0.04900863 0.009907308 0.076 0.04845387 0.01233787 0.076 0.04845387 0.01233787 0.071 0.04777864 0.01473776 0.071 0.04777864 0.01473776 0.076 0.04698463 0.01710101 0.071 0.04698463 0.01710101 0.076 0.04607381 0.01942174 0.076 0.04607381 0.01942174 0.071 0.04504844 0.02169419 0.071 0.04504844 0.02169419 0.076 0.04391108 0.0239127 0.071 0.04391108 0.0239127 0.076 0.04266454 0.02607176 0.071 0.04266454 0.02607176 0.076 0.04131194 0.028166 0.076 0.04131194 0.028166 0.071 0.03985662 0.03019022 0.071 0.03985662 0.03019022 0.076 0.03830222 0.03213938 0.071 0.03830222 0.03213938 0.076 0.03665259 0.03400864 0.071 0.03665259 0.03400864 0.076 0.03491184 0.03579334 0.076 0.03491184 0.03579334 0.071 0.03308429 0.03748906 0.071 0.03308429 0.03748906 0.076 0.03117449 0.03909158 0.071 0.03117449 0.03909158 0.076 0.02918718 0.0405969 0.076 0.02918718 0.0405969 0.071 0.02712731 0.0420013 0.071 0.02712731 0.0420013 0.076 0.025 0.04330127 0.071 0.025 0.04330127 0.076 0.02281053 0.04449359 0.071 0.02281053 0.04449359 0.076 0.02056436 0.04557529 0.071 0.02056436 0.04557529 0.076 0.01826705 0.04654369 0.071 0.01826705 0.04654369 0.076 0.01592433 0.04739637 0.071 0.01592433 0.04739637 0.076 0.01354202 0.04813121 0.071 0.01354202 0.04813121 0.076 0.01112605 0.0487464 0.071 0.01112605 0.0487464 0.076 0.008682409 0.04924039 0.071 0.008682409 0.04924039 0.076 0.006217185 0.04961196 0.076 0.006217185 0.04961196 0.071 0.003736505 0.04986019 0.071 0.003736505 0.04986019 0.076 0.001246535 0.04998446 0.071 0.001246535 0.04998446 0.076 -0.001246535 0.04998446 0.071 -0.001246535 0.04998446 0.076 -0.003736505 0.04986019 0.071 -0.003736505 0.04986019 0.076 -0.006217185 0.04961196 0.071 -0.006217185 0.04961196 0.076 -0.008682409 0.04924039 0.071 -0.008682409 0.04924039 0.076 -0.01112605 0.0487464 0.071 -0.01112605 0.0487464 0.076 -0.01354202 0.04813121 0.071 -0.01354202 0.04813121 0.076 -0.01592433 0.04739637 0.076 -0.01592433 0.04739637 0.071 -0.01826705 0.04654369 0.076 -0.01826705 0.04654369 0.071 -0.02056436 0.04557529 0.071 -0.02056436 0.04557529 0.076 -0.02281053 0.04449359 0.071 -0.02281053 0.04449359 0.076 -0.025 0.04330127 0.071 -0.025 0.04330127 0.076 -0.02712731 0.0420013 0.071 -0.02712731 0.0420013 0.076 -0.02918718 0.0405969 0.071 -0.02918718 0.0405969 0.076 -0.03117449 0.03909158 0.071 -0.03117449 0.03909158 0.076 -0.03308429 0.03748906 0.071 -0.03308429 0.03748906 0.076 -0.03491184 0.03579334 0.076 -0.03491184 0.03579334 0.071 -0.03665259 0.03400864 0.071 -0.03665259 0.03400864 0.076 -0.03830222 0.03213938 0.071 -0.03830222 0.03213938 0.076 -0.03985662 0.03019022 0.071 -0.03985662 0.03019022 0.076 -0.04131194 0.028166 0.076 -0.04131194 0.028166 0.071 -0.04266454 0.02607176 0.071 -0.04266454 0.02607176 0.076 -0.04391108 0.0239127 0.076 -0.04391108 0.0239127 0.071 -0.04504844 0.02169419 0.071 -0.04504844 0.02169419 0.076 -0.04607381 0.01942174 0.076 -0.04607381 0.01942174 0.071 -0.04698463 0.01710101 0.071 -0.04698463 0.01710101 0.076 -0.04777864 0.01473776 0.071 -0.04777864 0.01473776 0.076 -0.04845387 0.01233787 0.076 -0.04845387 0.01233787 0.071 -0.04900863 0.009907308 0.071 -0.04900863 0.009907308 0.076 -0.04944154 0.007452113 0.071 -0.04944154 0.007452113 0.076 -0.04975154 0.004978392 0.071 -0.04975154 0.004978392 0.076 -0.04993785 0.002492294 0.071 -0.04993785 0.002492294 0.076 -0.05 -1.715124e-16 0.076 -0.05 -1.715124e-16 0.071 -0.04993785 -0.002492294 0.076 -0.04993785 -0.002492294 0.071 -0.04975154 -0.004978392 0.071 -0.04975154 -0.004978392 0.076 -0.04944154 -0.007452113 0.076 -0.04944154 -0.007452113 0.071 -0.04900863 -0.009907308 0.076 -0.04900863 -0.009907308 0.071 -0.04845387 -0.01233787 0.076 -0.04845387 -0.01233787 0.071 -0.04777864 -0.01473776 0.071 -0.04777864 -0.01473776 0.076 -0.04698463 -0.01710101 0.076 -0.04698463 -0.01710101 0.071 -0.04607381 -0.01942174 0.071 -0.04607381 -0.01942174 0.076 -0.04504844 -0.02169419 0.071 -0.04504844 -0.02169419 0.076 -0.04391108 -0.0239127 0.076 -0.04391108 -0.0239127 0.071 -0.04266454 -0.02607176 0.071 -0.04266454 -0.02607176 0.076 -0.04131194 -0.028166 0.071 -0.04131194 -0.028166 0.076 -0.03985662 -0.03019022 0.071 -0.03985662 -0.03019022 0.076 -0.03830222 -0.03213938 0.076 -0.03830222 -0.03213938 0.071 -0.03665259 -0.03400864 0.071 -0.03665259 -0.03400864 0.076 -0.03491184 -0.03579334 0.071 -0.03491184 -0.03579334 0.076 -0.03308429 -0.03748906 0.076 -0.03308429 -0.03748906 0.071 -0.03117449 -0.03909158 0.071 -0.03117449 -0.03909158 0.076 -0.02918718 -0.0405969 0.071 -0.02918718 -0.0405969 0.076 -0.02712731 -0.0420013 0.071 -0.02712731 -0.0420013 0.076 -0.025 -0.04330127 0.076 -0.025 -0.04330127 0.071 -0.02281053 -0.04449359 0.071 -0.02281053 -0.04449359 0.076 -0.02056436 -0.04557529 0.071 -0.02056436 -0.04557529 0.076 -0.01826705 -0.04654369 0.071 -0.01826705 -0.04654369 0.076 -0.01592433 -0.04739637 0.071 -0.01592433 -0.04739637 0.076 -0.01354202 -0.04813121 0.071 -0.01354202 -0.04813121 0.076 -0.01112605 -0.0487464 0.071 -0.01112605 -0.0487464 0.076 -0.008682409 -0.04924039 0.071 -0.008682409 -0.04924039 0.076 -0.006217185 -0.04961196 0.076 -0.006217185 -0.04961196 0.071 -0.003736505 -0.04986019 0.071 -0.003736505 -0.04986019 0.076 -0.001246535 -0.04998446 0.071 -0.001246535 -0.04998446 0.076 0.001246535 -0.04998446 0.071 0.001246535 -0.04998446 0.076 0.003736505 -0.04986019 0.071 0.003736505 -0.04986019 0.076 0.006217185 -0.04961196 0.071 0.006217185 -0.04961196 0.076 0.008682409 -0.04924039 0.071 0.008682409 -0.04924039 0.076 0.01112605 -0.0487464 0.071 0.01112605 -0.0487464 0.076 0.01354202 -0.04813121 0.071 0.01354202 -0.04813121 0.076 0.01592433 -0.04739637 0.071 0.01592433 -0.04739637 0.076 0.01826705 -0.04654369 0.071 0.01826705 -0.04654369 0.076 0.02056436 -0.04557529 0.071 0.02056436 -0.04557529 0.076 0.02281053 -0.04449359 0.071 0.02281053 -0.04449359 0.076 0.025 -0.04330127 0.076 0.025 -0.04330127 0.071 0.02712731 -0.0420013 0.071 0.02712731 -0.0420013 0.076 0.02918718 -0.0405969 0.071 0.02918718 -0.0405969 0.076 0.03117449 -0.03909158 0.071 0.03117449 -0.03909158 0.076 0.03308429 -0.03748906 0.071 0.03308429 -0.03748906 0.076 0.03491184 -0.03579334 0.071 0.03491184 -0.03579334 0.076 0.03665259 -0.03400864 0.071 0.03665259 -0.03400864 0.076 0.03830222 -0.03213938 0.071 0.03830222 -0.03213938 0.076 0.03985662 -0.03019022 0.071 0.03985662 -0.03019022 0.076 0.04131194 -0.028166 0.071 0.04131194 -0.028166 0.076 0.04266454 -0.02607176 0.071 0.04266454 -0.02607176 0.076 0.04391108 -0.0239127 0.071 0.04391108 -0.0239127 0.076 0.04504844 -0.02169419 0.071 0.04504844 -0.02169419 0.076 0.04607381 -0.01942174 0.071 0.04607381 -0.01942174 0.076 0.04698463 -0.01710101 0.071 0.04698463 -0.01710101 0.076 0.04777864 -0.01473776 0.076 0.04777864 -0.01473776 0.071 0.04845387 -0.01233787 0.071 0.04845387 -0.01233787 0.076 0.04900863 -0.009907308 0.071 0.04900863 -0.009907308 0.076 0.04944154 -0.007452113 0.071 0.04944154 -0.007452113 0.076 0.04975154 -0.004978392 0.071 0.04975154 -0.004978392 0.076 0.04993785 -0.002492294 0.071 0.04993785 -0.002492294 0.076</float_array>
          <technique_common>
            <accessor count="252" source="#cubeverts-array2-array" stride="3">
              <param type="float" name="X"/>
              <param type="float" name="Y"/>
              <param type="float" name="Z"/>
            </accessor>
          </technique_common>
        </source>
        <source id="cubenormals-array2">
          <float_array count="1500" id="cubenormals-array2-array">0.9996892 0.02493026 -0 0.9996892 0.02493026 0 0.9972037 0.07473111 0 0.9922392 0.1243438 0 0.9972037 0.07473111 -0 0.9922392 0.1243438 0 0.9848079 0.1736473 0 0.9749279 0.2225209 0 0.9848079 0.1736473 -0 0.9749279 0.2225209 0 0.9626242 0.2708406 0 0.9626242 0.2708406 -0 0.9479272 0.3184869 0 0.9308738 0.3653409 0 0.9479272 0.3184869 -0 0.9308738 0.3653409 0 0.9115059 0.4112872 0 0.9115059 0.4112872 -0 0.889872 0.4562103 0 0.889872 0.4562103 -0 0.8660251 0.5000005 -0 0.8660251 0.5000005 0 0.8400261 0.542546 0 0.8400261 0.542546 0 0.8119377 0.583744 -0 0.8119377 0.583744 0 0.7818321 0.6234891 -0 0.7818321 0.6234891 0 0.7497804 0.6616868 0 0.7158676 0.698236 0 0.7497804 0.6616868 -0 0.7158676 0.698236 0 0.6801726 0.7330521 0 0.6801726 0.7330521 -0 0.6427878 0.7660443 0 0.6038042 0.7971327 0 0.6427878 0.7660443 -0 0.6038042 0.7971327 0 0.5633202 0.8262387 0 0.5633202 0.8262387 -0 0.5214347 0.8532912 0 0.5214347 0.8532912 -0 0.4782546 0.8782213 0 0.4782546 0.8782213 -0 0.4338841 0.9009687 0 0.4338841 0.9009687 -0 0.3884336 0.9214768 0 0.3884336 0.9214768 -0 0.3420202 0.9396926 0 0.3420202 0.9396926 -0 0.2947563 0.9555724 0 0.2947563 0.9555724 -0 0.2467565 0.9690775 0 0.2467565 0.9690775 -0 0.1981461 0.9801725 0 0.1490429 0.9888307 0 0.1981461 0.9801725 -0 0.1490429 0.9888307 0 0.09956804 0.9950308 0 0.09956804 0.9950308 -0 0.04984522 0.9987569 0 0.04984522 0.9987569 -0 0 1 0 0 1 -0 -0.04984522 0.9987569 0 -0.04984522 0.9987569 0 -0.09956804 0.9950308 0 -0.09956804 0.9950308 0 -0.1490429 0.9888307 0 -0.1490429 0.9888307 0 -0.1981461 0.9801725 0 -0.1981461 0.9801725 0 -0.2467565 0.9690775 0 -0.2947563 0.9555724 0 -0.2467565 0.9690775 0 -0.2947563 0.9555724 0 -0.3420202 0.9396926 0 -0.3420202 0.9396926 0 -0.3884336 0.9214768 0 -0.3884336 0.9214768 0 -0.4338841 0.9009687 0 -0.4338841 0.9009687 0 -0.4782546 0.8782213 0 -0.4782546 0.8782213 0 -0.5214347 0.8532912 0 -0.5214347 0.8532912 0 -0.5633202 0.8262387 0 -0.5633202 0.8262387 0 -0.6038042 0.7971327 0 -0.6038042 0.7971327 0 -0.6427878 0.7660443 0 -0.6427878 0.7660443 0 -0.6801726 0.7330521 0 -0.6801726 0.7330521 0 -0.7158676 0.698236 0 -0.7158676 0.698236 0 -0.7497804 0.6616868 0 -0.7497804 0.6616868 0 -0.7818321 0.6234891 0 -0.8119377 0.583744 0 -0.7818321 0.6234891 0 -0.8119377 0.583744 0 -0.8400261 0.542546 0 -0.8660251 0.5000005 0 -0.8400261 0.542546 0 -0.8660251 0.5000005 0 -0.889872 0.4562103 0 -0.9115059 0.4112872 0 -0.889872 0.4562103 0 -0.9115059 0.4112872 0 -0.9308738 0.3653409 0 -0.9308738 0.3653409 0 -0.9479272 0.3184869 0 -0.9626242 0.2708406 0 -0.9479272 0.3184869 0 -0.9626242 0.2708406 0 -0.9749279 0.2225209 0 -0.9749279 0.2225209 0 -0.9848079 0.1736473 0 -0.9848079 0.1736473 0 -0.9922392 0.1243438 0 -0.9922392 0.1243438 0 -0.9972037 0.07473111 0 -0.9972037 0.07473111 0 -0.9996892 0.02493026 0 -0.9996892 0.02493026 0 -0.9996892 -0.02493026 -0 -0.9996892 -0.02493026 0 -0.9972037 -0.07473111 0 -0.9972037 -0.07473111 0 -0.9922392 -0.1243438 -0 -0.9922392 -0.1243438 0 -0.9848079 -0.1736473 -0 -0.9848079 -0.1736473 0 -0.9749279 -0.2225209 -0 -0.9749279 -0.2225209 0 -0.9626242 -0.2708406 0 -0.9626242 -0.2708406 0 -0.9479272 -0.3184869 -0 -0.9479272 -0.3184869 0 -0.9308738 -0.3653409 0 -0.9308738 -0.3653409 0 -0.9115059 -0.4112872 0 -0.9115059 -0.4112872 0 -0.889872 -0.4562103 -0 -0.889872 -0.4562103 0 -0.8660251 -0.5000005 0 -0.8660251 -0.5000005 0 -0.8400261 -0.542546 0 -0.8400261 -0.542546 0 -0.8119377 -0.583744 0 -0.8119377 -0.583744 0 -0.7818321 -0.6234891 -0 -0.7818321 -0.6234891 0 -0.7497804 -0.6616868 0 -0.7497804 -0.6616868 0 -0.7158676 -0.698236 0 -0.7158676 -0.698236 0 -0.6801726 -0.7330521 -0 -0.6801726 -0.7330521 0 -0.6427878 -0.7660443 0 -0.6427878 -0.7660443 0 -0.6038042 -0.7971327 0 -0.6038042 -0.7971327 0 -0.5633202 -0.8262387 0 -0.5633202 -0.8262387 0 -0.5214347 -0.8532912 -0 -0.5214347 -0.8532912 0 -0.4782546 -0.8782213 0 -0.4782546 -0.8782213 0 -0.4338841 -0.9009687 0 -0.4338841 -0.9009687 0 -0.3884336 -0.9214768 0 -0.3884336 -0.9214768 0 -0.3420202 -0.9396926 0 -0.3420202 -0.9396926 0 -0.2947563 -0.9555724 0 -0.2947563 -0.9555724 0 -0.2467565 -0.9690775 0 -0.2467565 -0.9690775 0 -0.1981461 -0.9801725 0 -0.1981461 -0.9801725 0 -0.1490429 -0.9888307 -0 -0.1490429 -0.9888307 0 -0.09956804 -0.9950308 0 -0.09956804 -0.9950308 0 -0.04984522 -0.9987569 0 -0.04984522 -0.9987569 0 0 -1 0 0 -1 0 0.04984522 -0.9987569 0 0.04984522 -0.9987569 0 0.09956804 -0.9950308 0 0.09956804 -0.9950308 0 0.1490429 -0.9888307 0 0.1490429 -0.9888307 0 0.1981461 -0.9801725 0 0.1981461 -0.9801725 0 0.2467565 -0.9690775 0 0.2467565 -0.9690775 0 0.2947563 -0.9555724 0 0.2947563 -0.9555724 0 0.3420202 -0.9396926 0 0.3420202 -0.9396926 0 0.3884336 -0.9214768 0 0.3884336 -0.9214768 0 0.4338841 -0.9009687 0 0.4782546 -0.8782213 0 0.4338841 -0.9009687 0 0.4782546 -0.8782213 0 0.5214347 -0.8532912 0 0.5214347 -0.8532912 0 0.5633202 -0.8262387 0 0.5633202 -0.8262387 0 0.6038042 -0.7971327 0 0.6038042 -0.7971327 0 0.6427878 -0.7660443 0 0.6427878 -0.7660443 0 0.6801726 -0.7330521 0 0.6801726 -0.7330521 0 0.7158676 -0.698236 0 0.7158676 -0.698236 0 0.7497804 -0.6616868 0 0.7497804 -0.6616868 0 0.7818321 -0.6234891 0 0.7818321 -0.6234891 0 0.8119377 -0.583744 0 0.8119377 -0.583744 0 0.8400261 -0.542546 0 0.8400261 -0.542546 0 0.8660251 -0.5000005 0 0.8660251 -0.5000005 0 0.889872 -0.4562103 0 0.889872 -0.4562103 0 0.9115059 -0.4112872 0 0.9115059 -0.4112872 0 0.9308738 -0.3653409 0 0.9479272 -0.3184869 0 0.9308738 -0.3653409 0 0.9479272 -0.3184869 0 0.9626242 -0.2708406 0 0.9626242 -0.2708406 0 0.9749279 -0.2225209 0 0.9749279 -0.2225209 0 0.9848079 -0.1736473 0 0.9848079 -0.1736473 0 0.9922392 -0.1243438 0 0.9922392 -0.1243438 0 0.9972037 -0.07473111 0 0.9996892 -0.02493026 0 0.9972037 -0.07473111 0 0.9996892 -0.02493026 0 0 0 -1 0 0 -1 0 0 -1 0 0 -1 0 0 -1 0 0 -1 0 0 -1 0 0 -1 0 0 -1 0 0 -1 0 0 -1 0 0 -1 0 0 -1 0 0 -1 0 0 -1 0 0 -1 0 0 -1 0 0 -1 0 0 -1 0 0 -1 0 0 -1 0 0 -1 0 0 -1 0 0 -1 0 0 -1 0 0 -1 0 0 -1 0 0 -1 0 0 -1 0 0 -1 0 0 -1 0 -0 -1 0 0 -1 0 0 -1 0 0 -1 0 0 -1 0 0 -1 0 0 -1 0 -0 -1 0 0 -1 0 0 -1 0 0 -1 0 -0 -1 0 -0 -1 0 -0 -1 0 -0 -1 0 0 -1 0 0 -1 0 0 -1 0 0 -1 0 0 -1 0 -0 -1 0 -0 -1 0 0 -1 0 0 -1 0 -0 -1 0 0 -1 0 0 -1 0 -0 -1 0 -0 -1 0 0 -1 0 0 -1 0 -0 -1 0 -0 -1 0 0 -1 0 0 -1 0 0 -1 0 0 -1 0 -0 -1 0 0 -1 0 -0 -1 0 -0 -1 0 -0 -1 0 -0 -1 0 -0 -1 0 -0 -1 0 0 -1 0 0 -1 0 0 -1 0 -0 -1 0 -0 -1 0 -0 -1 0 -0 -1 0 -0 -1 0 -0 -1 0 -0 -1 0 0 -1 0 0 -1 0 0 -1 0 0 -1 0 0 -1 0 0 -1 0 -0 -1 0 0 -1 -0 -0 -1 -0 -0 -1 0 0 -1 0 0 -1 0 0 -1 0 0 -1 0 0 -1 -0 -0 -1 -0 -0 -1 -0 -0 -1 -0 -0 -1 -0 -0 -1 0 0 -1 0 0 -1 0 0 -1 -0 -0 -1 -0 -0 -1 0 0 -1 0 0 -1 -0 -0 -1 -0 -0 -1 0 0 -1 0 0 -1 0 0 -1 -0 -0 -1 0 0 -1 0 0 -1 0 0 -1 0 0 -1 -0 -0 -1 0 0 1 0 0 1 0 0 1 0 0 1 0 0 1 0 0 1 0 0 1 0 0 1 0 0 1 0 0 1 0 0 1 0 0 1 0 0 1 0 0 1 0 0 1 0 0 1 0 0 1 0 0 1 0 0 1 0 0 1 0 0 1 0 0 1 0 0 1 0 0 1 0 0 1 0 0 1 0 0 1 0 0 1 0 0 1 0 0 1 0 0 1 0 0 1 0 0 1 0 0 1 0 0 1 0 0 1 0 0 1 0 0 1 0 0 1 0 0 1 0 0 1 0 0 1 0 0 1 0 0 1 0 0 1 0 0 1 0 0 1 0 0 1 0 0 1 0 0 1 0 0 1 0 0 1 0 0 1 0 0 1 0 0 1 0 0 1 0 0 1 0 0 1 0 0 1 0 0 1 0 0 1 0 0 1 0 0 1 0 0 1 0 0 1 0 0 1 0 0 1 0 0 1 0 0 1 0 0 1 0 0 1 0 0 1 0 0 1 0 0 1 0 0 1 0 0 1 0 0 1 0 0 1 0 0 1 0 0 1 0 0 1 0 0 1 0 0 1 0 0 1 0 0 1 0 0 1 0 0 1 0 0 1 0 0 1 0 0 1 0 0 1 0 0 1 0 0 1 0 0 1 0 0 1 0 0 1 0 0 1 0 0 1 0 0 1 0 0 1 0 0 1 0 0 1 0 0 1 0 0 1 0 0 1 0 0 1 0 0 1 0 0 1 0 0 1 0 0 1 0 0 1 0 0 1 0 0 1 0 0 1 0 0 1 0 0 1 0 0 1 0 0 1 0 0 1 0 0 1 0 0 1 0 0 1 0 0 1 0 0 1</float_array>
          <technique_common>
            <accessor count="500" source="#cubenormals-array2-array" stride="3">
              <param type="float" name="X"/>
              <param type="float" name="Y"/>
              <param type="float" name="Z"/>
            </accessor>
          </technique_common>
        </source>
        <vertices id="cubeverts-array2-vertices">
          <input semantic="POSITION" source="#cubeverts-array2"/>
        </vertices>
        <triangles count="500" material="ref_Cylinder002">
          <input offset="0" semantic="VERTEX" source="#cubeverts-array2-vertices"/>
          <input offset="1" semantic="NORMAL" source="#cubenormals-array2"/>
          <p>0 0 1 0 2 0 2 1 1 1 3 1 3 2 4 2 5 2 5 3 4 3 6 3 1 4 4 4 3 4 4 5 7 5 6 5 6 6 8 6 9 6 9 7 8 7 10 7 7 8 8 8 6 8 8 9 11 9 10 9 10 10 12 10 13 10 11 11 12 11 10 11 13 12 14 12 15 12 15 13 14 13 16 13 12 14 14 14 13 14 14 15 17 15 16 15 16 16 18 16 19 16 17 17 18 17 16 17 19 18 20 18 21 18 18 19 20 19 19 19 20 20 22 20 21 20 21 21 22 21 23 21 23 22 22 22 24 22 22 23 25 23 24 23 25 24 26 24 24 24 24 25 26 25 27 25 26 26 28 26 27 26 27 27 28 27 29 27 29 28 30 28 31 28 31 29 30 29 32 29 28 30 30 30 29 30 30 31 33 31 32 31 32 32 34 32 35 32 33 33 34 33 32 33 35 34 36 34 37 34 37 35 36 35 38 35 34 36 36 36 35 36 36 37 39 37 38 37 38 38 40 38 41 38 39 39 40 39 38 39 41 40 42 40 43 40 40 41 42 41 41 41 43 42 44 42 45 42 42 43 44 43 43 43 45 44 46 44 47 44 44 45 46 45 45 45 47 46 48 46 49 46 46 47 48 47 47 47 49 48 50 48 51 48 48 49 50 49 49 49 51 50 52 50 53 50 50 51 52 51 51 51 53 52 54 52 55 52 52 53 54 53 53 53 55 54 56 54 57 54 57 55 56 55 58 55 54 56 56 56 55 56 56 57 59 57 58 57 58 58 60 58 61 58 59 59 60 59 58 59 61 60 62 60 63 60 60 61 62 61 61 61 63 62 64 62 65 62 62 63 64 63 63 63 65 64 66 64 67 64 64 65 66 65 65 65 67 66 68 66 69 66 66 67 68 67 67 67 69 68 70 68 71 68 68 69 70 69 69 69 71 70 72 70 73 70 70 71 72 71 71 71 73 72 74 72 75 72 75 73 74 73 76 73 72 74 74 74 73 74 74 75 77 75 76 75 76 76 77 76 78 76 77 77 79 77 78 77 79 78 80 78 78 78 78 79 80 79 81 79 80 80 82 80 81 80 81 81 82 81 83 81 82 82 84 82 83 82 83 83 84 83 85 83 84 84 86 84 85 84 85 85 86 85 87 85 86 86 88 86 87 86 87 87 88 87 89 87 88 88 90 88 89 88 89 89 90 89 91 89 90 90 92 90 91 90 91 91 92 91 93 91 93 92 92 92 94 92 92 93 95 93 94 93 94 94 96 94 97 94 95 95 96 95 94 95 97 96 98 96 99 96 96 97 98 97 97 97 99 98 100 98 101 98 101 99 100 99 102 99 98 100 100 100 99 100 100 101 103 101 102 101 102 102 104 102 105 102 105 103 104 103 106 103 103 104 104 104 102 104 104 105 107 105 106 105 106 106 108 106 109 106 109 107 108 107 110 107 107 108 108 108 106 108 108 109 111 109 110 109 110 110 112 110 113 110 111 111 112 111 110 111 113 112 114 112 115 112 115 113 114 113 116 113 112 114 114 114 113 114 114 115 117 115 116 115 116 116 118 116 119 116 117 117 118 117 116 117 119 118 120 118 121 118 118 119 120 119 119 119 121 120 122 120 123 120 120 121 122 121 121 121 122 122 124 122 123 122 123 123 124 123 125 123 125 124 124 124 126 124 124 125 127 125 126 125 126 126 127 126 128 126 127 127 129 127 128 127 129 128 130 128 128 128 128 129 130 129 131 129 131 130 130 130 132 130 130 131 133 131 132 131 132 132 133 132 134 132 133 133 135 133 134 133 134 134 135 134 136 134 135 135 137 135 136 135 137 136 138 136 136 136 136 137 138 137 139 137 139 138 138 138 140 138 138 139 141 139 140 139 141 140 142 140 140 140 140 141 142 141 143 141 142 142 144 142 143 142 143 143 144 143 145 143 145 144 144 144 146 144 144 145 147 145 146 145 147 146 148 146 146 146 146 147 148 147 149 147 148 148 150 148 149 148 149 149 150 149 151 149 150 150 152 150 151 150 151 151 152 151 153 151 153 152 152 152 154 152 152 153 155 153 154 153 155 154 156 154 154 154 154 155 156 155 157 155 156 156 158 156 157 156 157 157 158 157 159 157 159 158 158 158 160 158 158 159 161 159 160 159 161 160 162 160 160 160 160 161 162 161 163 161 162 162 164 162 163 162 163 163 164 163 165 163 165 164 166 164 167 164 164 165 166 165 165 165 167 166 166 166 168 166 166 167 169 167 168 167 168 168 170 168 171 168 169 169 170 169 168 169 171 170 172 170 173 170 170 171 172 171 171 171 173 172 174 172 175 172 172 173 174 173 173 173 174 174 176 174 175 174 175 175 176 175 177 175 176 176 178 176 177 176 177 177 178 177 179 177 178 178 180 178 179 178 179 179 180 179 181 179 180 180 182 180 181 180 181 181 182 181 183 181 183 182 182 182 184 182 182 183 185 183 184 183 185 184 186 184 184 184 184 185 186 185 187 185 186 186 188 186 187 186 187 187 188 187 189 187 188 188 190 188 189 188 189 189 190 189 191 189 190 190 192 190 191 190 191 191 192 191 193 191 192 192 194 192 193 192 193 193 194 193 195 193 194 194 196 194 195 194 195 195 196 195 197 195 196 196 198 196 197 196 197 197 198 197 199 197 199 198 200 198 201 198 198 199 200 199 199 199 201 200 202 200 203 200 200 201 202 201 201 201 203 202 204 202 205 202 202 203 204 203 203 203 205 204 206 204 207 204 204 205 206 205 205 205 207 206 208 206 209 206 209 207 208 207 210 207 206 208 208 208 207 208 208 209 211 209 210 209 210 210 212 210 213 210 211 211 212 211 210 211 213 212 214 212 215 212 212 213 214 213 213 213 215 214 216 214 217 214 214 215 216 215 215 215 217 216 218 216 219 216 216 217 218 217 217 217 219 218 220 218 221 218 218 219 220 219 219 219 221 220 222 220 223 220 220 221 222 221 221 221 222 222 224 222 223 222 223 223 224 223 225 223 224 224 226 224 225 224 225 225 226 225 227 225 226 226 228 226 227 226 227 227 228 227 229 227 228 228 230 228 229 228 229 229 230 229 231 229 230 230 232 230 231 230 231 231 232 231 233 231 233 232 234 232 235 232 232 233 234 233 233 233 235 234 236 234 237 234 234 235 236 235 235 235 237 236 238 236 239 236 239 237 238 237 240 237 236 238 238 238 237 238 238 239 241 239 240 239 240 240 242 240 243 240 241 241 242 241 240 241 243 242 244 242 245 242 242 243 244 243 243 243 245 244 246 244 247 244 244 245 246 245 245 245 247 246 248 246 249 246 246 247 248 247 247 247 249 248 250 248 251 248 251 249 250 249 2 249 248 250 250 250 249 250 250 251 0 251 2 251 158 252 162 252 161 252 162 253 166 253 164 253 150 254 148 254 152 254 162 255 169 255 166 255 158 256 169 256 162 256 156 257 169 257 158 257 148 258 147 258 152 258 152 259 147 259 155 259 156 260 172 260 169 260 155 261 172 261 156 261 169 262 172 262 170 262 147 263 142 263 155 263 144 264 142 264 147 264 141 265 138 265 142 265 142 266 137 266 155 266 138 267 137 267 142 267 155 268 180 268 172 268 172 269 180 269 174 269 174 270 180 270 176 270 176 271 180 271 178 271 180 272 185 272 182 272 133 273 130 273 135 273 135 274 130 274 137 274 180 275 186 275 185 275 129 276 127 276 130 276 130 277 127 277 137 277 137 278 124 278 155 278 127 279 124 279 137 279 188 280 194 280 190 280 190 281 194 281 192 281 155 282 120 282 180 282 122 283 120 283 124 283 180 284 120 284 186 284 186 285 120 285 188 285 124 286 120 286 155 286 188 287 198 287 194 287 194 288 198 288 196 288 198 289 202 289 200 289 114 290 112 290 117 290 202 291 206 291 204 291 188 292 206 292 198 292 198 293 206 293 202 293 112 294 108 294 117 294 111 295 108 295 112 295 117 296 108 296 118 296 118 297 108 297 120 297 120 298 108 298 188 298 188 299 108 299 206 299 206 300 211 300 208 300 108 301 211 301 206 301 212 302 216 302 214 302 100 303 98 303 103 303 103 304 98 304 104 304 211 305 218 305 212 305 212 306 218 306 216 306 98 307 96 307 104 307 108 308 220 308 211 308 211 309 220 309 218 309 96 310 95 310 104 310 95 311 92 311 104 311 220 312 224 312 222 312 108 313 224 313 220 313 104 314 224 314 107 314 107 315 224 315 108 315 224 316 232 316 226 316 226 317 232 317 228 317 228 318 232 318 230 318 104 319 232 319 224 319 92 320 234 320 104 320 104 321 234 321 232 321 82 322 80 322 84 322 84 323 80 323 86 323 86 324 80 324 88 324 88 325 80 325 90 325 90 326 80 326 92 326 79 327 77 327 80 327 234 328 241 328 236 328 236 329 241 329 238 329 242 330 246 330 244 330 68 331 66 331 70 331 70 332 66 332 72 332 72 333 66 333 74 333 74 334 66 334 77 334 80 335 64 335 92 335 77 336 64 336 80 336 66 337 64 337 77 337 241 338 0 338 242 338 246 339 0 339 248 339 248 340 0 340 250 340 242 341 0 341 246 341 92 342 62 342 234 342 234 343 62 343 241 343 64 344 62 344 92 344 4 345 8 345 7 345 56 346 54 346 59 346 59 347 54 347 60 347 1 348 11 348 4 348 4 349 11 349 8 349 0 350 12 350 1 350 1 351 12 351 11 351 0 352 14 352 12 352 50 353 48 353 52 353 52 354 48 354 54 354 54 355 48 355 60 355 60 356 46 356 62 356 48 357 46 357 60 357 14 358 18 358 17 358 0 359 18 359 14 359 0 360 20 360 18 360 44 361 42 361 46 361 42 362 40 362 46 362 20 363 25 363 22 363 62 364 39 364 241 364 46 365 39 365 62 365 40 366 39 366 46 366 241 367 26 367 0 367 0 368 26 368 20 368 20 369 26 369 25 369 36 370 34 370 39 370 26 371 30 371 28 371 39 372 33 372 241 372 241 373 33 373 26 373 26 374 33 374 30 374 34 375 33 375 39 375 163 376 159 376 160 376 167 377 163 377 165 377 149 378 151 378 153 378 168 379 163 379 167 379 168 380 159 380 163 380 168 381 157 381 159 381 146 382 149 382 153 382 146 383 153 383 154 383 173 384 157 384 168 384 173 385 154 385 157 385 173 386 168 386 171 386 143 387 146 387 154 387 143 388 145 388 146 388 139 389 140 389 143 389 136 390 143 390 154 390 136 391 139 391 143 391 181 392 154 392 173 392 181 393 173 393 175 393 181 394 175 394 177 394 181 395 177 395 179 395 184 396 181 396 183 396 131 397 132 397 134 397 131 398 134 398 136 398 187 399 181 399 184 399 126 400 128 400 131 400 126 401 131 401 136 401 125 402 136 402 154 402 125 403 126 403 136 403 195 404 189 404 191 404 195 405 191 405 193 405 121 406 154 406 181 406 121 407 123 407 125 407 121 408 181 408 187 408 121 409 187 409 189 409 121 410 125 410 154 410 199 411 189 411 195 411 199 412 195 412 197 412 203 413 199 413 201 413 113 414 115 414 116 414 207 415 203 415 205 415 207 416 189 416 199 416 207 417 199 417 203 417 109 418 113 418 116 418 109 419 110 419 113 419 109 420 116 420 119 420 109 421 119 421 121 421 109 422 121 422 189 422 109 423 189 423 207 423 210 424 207 424 209 424 210 425 109 425 207 425 217 426 213 426 215 426 99 427 101 427 102 427 99 428 102 428 105 428 219 429 210 429 213 429 219 430 213 430 217 430 97 431 99 431 105 431 221 432 109 432 210 432 221 433 210 433 219 433 94 434 97 434 105 434 93 435 94 435 105 435 225 436 221 436 223 436 225 437 109 437 221 437 225 438 105 438 106 438 225 439 106 439 109 439 233 440 225 440 227 440 233 441 227 441 229 441 233 442 229 442 231 442 233 443 105 443 225 443 235 444 93 444 105 444 235 445 105 445 233 445 81 446 83 446 85 446 81 447 85 447 87 447 81 448 87 448 89 448 81 449 89 449 91 449 81 450 91 450 93 450 76 451 78 451 81 451 240 452 235 452 237 452 240 453 237 453 239 453 247 454 243 454 245 454 67 455 69 455 71 455 67 456 71 456 73 456 67 457 73 457 75 457 67 458 75 458 76 458 65 459 81 459 93 459 65 460 76 460 81 460 65 461 67 461 76 461 2 462 240 462 243 462 2 463 247 463 249 463 2 464 249 464 251 464 2 465 243 465 247 465 63 466 93 466 235 466 63 467 235 467 240 467 63 468 65 468 93 468 9 469 5 469 6 469 55 470 57 470 58 470 55 471 58 471 61 471 10 472 3 472 5 472 10 473 5 473 9 473 13 474 2 474 3 474 13 475 3 475 10 475 15 476 2 476 13 476 49 477 51 477 53 477 49 478 53 478 55 478 49 479 55 479 61 479 47 480 61 480 63 480 47 481 49 481 61 481 19 482 15 482 16 482 19 483 2 483 15 483 21 484 2 484 19 484 43 485 45 485 47 485 41 486 43 486 47 486 24 487 21 487 23 487 38 488 63 488 240 488 38 489 47 489 63 489 38 490 41 490 47 490 27 491 240 491 2 491 27 492 2 492 21 492 27 493 21 493 24 493 35 494 37 494 38 494 31 495 27 495 29 495 32 496 38 496 240 496 32 497 240 497 27 497 32 498 27 498 31 498 32 499 35 499 38 499</p>
        </triangles>
      </mesh>
    </geometry>
    <geometry id="geometry3" name="Cylinder003">
      <mesh>
        <source id="cubeverts-array3">
          <float_array count="756" id="cubeverts-array3-array">0.005 0.05 0.01 0.004993784 0.05 0.009750771 0.005 0.055 0.01 0.004993784 0.055 0.009750771 0.004975154 0.05 0.009502161 0.004975154 0.055 0.009502161 0.004944154 0.055 0.009254788 0.004944154 0.05 0.009254788 0.004900862 0.05 0.00900927 0.004900862 0.055 0.00900927 0.004845387 0.055 0.008766213 0.004845387 0.05 0.008766213 0.004777864 0.05 0.008526224 0.004777864 0.055 0.008526224 0.004698463 0.05 0.008289899 0.004698463 0.055 0.008289899 0.004607381 0.055 0.008057826 0.004607381 0.05 0.008057826 0.004504844 0.05 0.007830581 0.004504844 0.055 0.007830581 0.004391108 0.05 0.00760873 0.004266454 0.05 0.007392824 0.004131194 0.05 0.0071834 0.003985662 0.05 0.006980978 0.003985662 0.055 0.006980978 0.003830222 0.05 0.006786062 0.003830222 0.055 0.006786062 0.003665259 0.05 0.006599136 0.003491184 0.055 0.006420666 0.003491184 0.05 0.006420666 0.003308429 0.05 0.006251094 0.003117449 0.05 0.006090843 0.003117449 0.055 0.006090843 0.002918718 0.055 0.00594031 0.002918718 0.05 0.00594031 0.002712731 0.05 0.00579987 0.002712731 0.055 0.00579987 0.0025 0.05 0.005669873 0.002281053 0.05 0.005550641 0.002281053 0.055 0.005550641 0.002056436 0.05 0.005442471 0.002056436 0.055 0.005442471 0.001826705 0.05 0.005345631 0.001592433 0.05 0.005260363 0.001354202 0.05 0.005186879 0.001112605 0.05 0.00512536 0.0008682409 0.05 0.005075961 0.0008682409 0.055 0.005075961 0.0006217185 0.05 0.005038804 0.0003736505 0.05 0.005013981 0.0003736505 0.055 0.005013981 0.0001246535 0.05 0.005001554 0.0001246535 0.055 0.005001554 -0.0001246535 0.05 0.005001554 -0.0001246535 0.055 0.005001554 -0.0003736505 0.05 0.005013981 -0.0006217185 0.05 0.005038804 -0.0006217185 0.055 0.005038804 -0.0008682409 0.05 0.005075961 -0.0008682409 0.055 0.005075961 -0.001112605 0.05 0.00512536 -0.001112605 0.055 0.00512536 -0.001354202 0.05 0.005186879 -0.001354202 0.055 0.005186879 -0.001592433 0.05 0.005260363 -0.001826705 0.055 0.005345631 -0.001826705 0.05 0.005345631 -0.002056436 0.05 0.005442471 -0.002281053 0.05 0.005550641 -0.002281053 0.055 0.005550641 -0.0025 0.05 0.005669873 -0.0025 0.055 0.005669873 -0.002712731 0.05 0.00579987 -0.002918718 0.05 0.00594031 -0.002918718 0.055 0.00594031 -0.003117449 0.05 0.006090843 -0.003117449 0.055 0.006090843 -0.003308429 0.05 0.006251094 -0.003491184 0.055 0.006420666 -0.003491184 0.05 0.006420666 -0.003665259 0.05 0.006599136 -0.003830222 0.05 0.006786062 -0.003830222 0.055 0.006786062 -0.003985662 0.05 0.006980978 -0.004131194 0.05 0.0071834 -0.004266454 0.05 0.007392824 -0.004266454 0.055 0.007392824 -0.004391108 0.055 0.00760873 -0.004391108 0.05 0.00760873 -0.004504844 0.05 0.007830581 -0.004504844 0.055 0.007830581 -0.004607381 0.055 0.008057826 -0.004607381 0.05 0.008057826 -0.004698463 0.05 0.008289899 -0.004698463 0.055 0.008289899 -0.004777864 0.05 0.008526224 -0.004777864 0.055 0.008526224 -0.004845387 0.055 0.008766213 -0.004845387 0.05 0.008766213 -0.004900862 0.05 0.00900927 -0.004900862 0.055 0.00900927 -0.004944154 0.05 0.009254788 -0.004944154 0.055 0.009254788 -0.004975154 0.05 0.009502161 -0.004975154 0.055 0.009502161 -0.004993784 0.05 0.009750771 -0.004993784 0.055 0.009750771 -0.005 0.055 0.01 -0.005 0.05 0.01 -0.004993784 0.055 0.01024923 -0.004993784 0.05 0.01024923 -0.004975154 0.05 0.01049784 -0.004975154 0.055 0.01049784 -0.004944154 0.055 0.01074521 -0.004944154 0.05 0.01074521 -0.004900862 0.055 0.01099073 -0.004900862 0.05 0.01099073 -0.004845387 0.055 0.01123379 -0.004845387 0.05 0.01123379 -0.004777864 0.05 0.01147378 -0.004777864 0.055 0.01147378 -0.004698463 0.055 0.0117101 -0.004698463 0.05 0.0117101 -0.004607381 0.05 0.01194217 -0.004607381 0.055 0.01194217 -0.004504844 0.05 0.01216942 -0.004504844 0.055 0.01216942 -0.004391108 0.055 0.01239127 -0.004391108 0.05 0.01239127 -0.004266454 0.05 0.01260718 -0.004266454 0.055 0.01260718 -0.004131194 0.05 0.0128166 -0.004131194 0.055 0.0128166 -0.003985662 0.05 0.01301902 -0.003985662 0.055 0.01301902 -0.003830222 0.05 0.01321394 -0.003665259 0.05 0.01340086 -0.003665259 0.055 0.01340086 -0.003491184 0.05 0.01357933 -0.003491184 0.055 0.01357933 -0.003308429 0.055 0.01374891 -0.003308429 0.05 0.01374891 -0.003117449 0.05 0.01390916 -0.003117449 0.055 0.01390916 -0.002918718 0.05 0.01405969 -0.002918718 0.055 0.01405969 -0.002712731 0.05 0.01420013 -0.002712731 0.055 0.01420013 -0.0025 0.05 0.01433013 -0.002281053 0.05 0.01444936 -0.002281053 0.055 0.01444936 -0.002056436 0.05 0.01455753 -0.002056436 0.055 0.01455753 -0.001826705 0.05 0.01465437 -0.001826705 0.055 0.01465437 -0.001592433 0.05 0.01473964 -0.001592433 0.055 0.01473964 -0.001354202 0.05 0.01481312 -0.001354202 0.055 0.01481312 -0.001112605 0.05 0.01487464 -0.001112605 0.055 0.01487464 -0.0008682409 0.05 0.01492404 -0.0008682409 0.055 0.01492404 -0.0006217185 0.055 0.0149612 -0.0006217185 0.05 0.0149612 -0.0003736505 0.05 0.01498602 -0.0003736505 0.055 0.01498602 -0.0001246535 0.05 0.01499845 -0.0001246535 0.055 0.01499845 0.0001246535 0.05 0.01499845 0.0001246535 0.055 0.01499845 0.0003736505 0.05 0.01498602 0.0003736505 0.055 0.01498602 0.0006217185 0.05 0.0149612 0.0006217185 0.055 0.0149612 0.0008682409 0.05 0.01492404 0.001112605 0.05 0.01487464 0.001112605 0.055 0.01487464 0.001354202 0.05 0.01481312 0.001354202 0.055 0.01481312 0.001592433 0.05 0.01473964 0.001826705 0.05 0.01465437 0.001826705 0.055 0.01465437 0.002056436 0.05 0.01455753 0.002056436 0.055 0.01455753 0.002281053 0.05 0.01444936 0.002281053 0.055 0.01444936 0.0025 0.055 0.01433013 0.0025 0.05 0.01433013 0.002712731 0.05 0.01420013 0.002712731 0.055 0.01420013 0.002918718 0.05 0.01405969 0.003117449 0.05 0.01390916 0.003117449 0.055 0.01390916 0.003308429 0.05 0.01374891 0.003308429 0.055 0.01374891 0.003491184 0.05 0.01357933 0.003491184 0.055 0.01357933 0.003665259 0.05 0.01340086 0.003830222 0.05 0.01321394 0.003830222 0.055 0.01321394 0.003985662 0.05 0.01301902 0.003985662 0.055 0.01301902 0.004131194 0.05 0.0128166 0.004131194 0.055 0.0128166 0.004266454 0.05 0.01260718 0.004266454 0.055 0.01260718 0.004391108 0.05 0.01239127 0.004391108 0.055 0.01239127 0.004504844 0.05 0.01216942 0.004504844 0.055 0.01216942 0.004607381 0.05 0.01194217 0.004607381 0.055 0.01194217 0.004698463 0.05 0.0117101 0.004698463 0.055 0.0117101 0.004777864 0.055 0.01147378 0.004777864 0.05 0.01147378 0.004845387 0.05 0.01123379 0.004845387 0.055 0.01123379 0.004900862 0.05 0.01099073 0.004900862 0.055 0.01099073 0.004944154 0.05 0.01074521 0.004944154 0.055 0.01074521 0.004975154 0.05 0.01049784 0.004975154 0.055 0.01049784 0.004993784 0.05 0.01024923 0.004993784 0.055 0.01024923 -0.003830222 0.055 0.01321394 -0.0025 0.055 0.01433013 0.0008682409 0.055 0.01492404 0.001592433 0.055 0.01473964 0.002918718 0.055 0.01405969 -0.003985662 0.055 0.006980978 -0.004131194 0.055 0.0071834 0.003665259 0.055 0.01340086 -0.003308429 0.055 0.006251094 -0.003665259 0.055 0.006599136 -0.001592433 0.055 0.005260363 -0.002056436 0.055 0.005442471 -0.002712731 0.055 0.00579987 -0.0003736505 0.055 0.005013981 0.0006217185 0.055 0.005038804 0.001354202 0.055 0.005186879 0.001112605 0.055 0.00512536 0.001592433 0.055 0.005260363 0.001826705 0.055 0.005345631 0.0025 0.055 0.005669873 0.004266454 0.055 0.007392824 0.004391108 0.055 0.00760873 0.004131194 0.055 0.0071834 0.003665259 0.055 0.006599136 0.003308429 0.055 0.006251094</float_array>
          <technique_common>
            <accessor count="252" source="#cubeverts-array3-array" stride="3">
              <param type="float" name="X"/>
              <param type="float" name="Y"/>
              <param type="float" name="Z"/>
            </accessor>
          </technique_common>
        </source>
        <source id="cubenormals-array3">
          <float_array count="1500" id="cubenormals-array3-array">0.9996891 0 -0.0249314 0.9996891 0 -0.0249314 0.9972039 0 -0.07472928 0.9922392 0 -0.1243431 0.9972039 0 -0.07472928 0.9922392 0 -0.1243431 0.9848074 0 -0.17365 0.9749282 0 -0.2225198 0.9848074 0 -0.17365 0.9749282 0 -0.2225198 0.9626242 0 -0.2708405 0.9626242 0 -0.2708405 0.9479274 0 -0.3184865 0.9308735 0 -0.3653418 0.9479274 0 -0.3184865 0.9308735 0 -0.3653418 0.911506 0 -0.4112867 0.911506 0 -0.4112867 0.889872 0 -0.4562102 0.889872 0 -0.4562102 0.8660248 0 -0.5000011 0.8660248 0 -0.5000011 0.8400261 0 -0.542546 0.8400261 0 -0.542546 0.8119382 0 -0.5837435 0.8119382 0 -0.5837435 0.7818318 0 -0.6234893 0.7818318 0 -0.6234893 0.749781 0 -0.6616861 0.7158667 0 -0.6982369 0.749781 0 -0.6616861 0.7158667 0 -0.6982369 0.6801732 0 -0.7330514 0.6801732 0 -0.7330514 0.6427869 0 -0.766045 0.6038045 0 -0.7971324 0.6427869 0 -0.766045 0.6038045 0 -0.7971324 0.56332 0 -0.8262388 0.56332 0 -0.8262388 0.5214361 0 -0.8532903 0.5214361 0 -0.8532903 0.478253 0 -0.8782221 0.478253 0 -0.8782221 0.4338848 0 -0.9009684 0.4338848 0 -0.9009684 0.3884345 0 -0.9214763 0.3884345 0 -0.9214763 0.3420202 0 -0.9396926 0.3420202 0 -0.9396926 0.294755 0 -0.9555728 0.294755 0 -0.9555728 0.2467568 0 -0.9690774 0.2467568 0 -0.9690774 0.1981468 0 -0.9801723 0.1490414 0 -0.988831 0.1981468 0 -0.9801723 0.1490414 0 -0.988831 0.09956878 0 -0.9950306 0.09956878 0 -0.9950306 0.04984561 0 -0.9987569 0.04984561 0 -0.9987569 -0 0 -1 0 0 -1 -0.04984561 0 -0.9987569 -0.04984561 0 -0.9987569 -0.09956878 0 -0.9950306 -0.09956878 0 -0.9950306 -0.1490414 0 -0.988831 -0.1490414 0 -0.988831 -0.1981468 0 -0.9801723 -0.1981468 0 -0.9801723 -0.2467568 0 -0.9690774 -0.294755 -0 -0.9555728 -0.2467568 0 -0.9690774 -0.294755 0 -0.9555728 -0.3420202 -0 -0.9396926 -0.3420202 0 -0.9396926 -0.3884345 0 -0.9214763 -0.3884345 0 -0.9214763 -0.4338848 0 -0.9009684 -0.4338848 0 -0.9009684 -0.478253 0 -0.8782221 -0.478253 0 -0.8782221 -0.5214361 0 -0.8532903 -0.5214361 0 -0.8532903 -0.56332 0 -0.8262388 -0.56332 0 -0.8262388 -0.6038045 0 -0.7971324 -0.6038045 0 -0.7971324 -0.6427869 0 -0.766045 -0.6427869 0 -0.766045 -0.6801732 -0 -0.7330514 -0.6801732 0 -0.7330514 -0.7158667 0 -0.6982369 -0.7158667 0 -0.6982369 -0.749781 0 -0.6616861 -0.749781 0 -0.6616861 -0.7818318 0 -0.6234893 -0.8119382 -0 -0.5837435 -0.7818318 0 -0.6234893 -0.8119382 0 -0.5837435 -0.8400261 0 -0.542546 -0.8660248 -0 -0.5000011 -0.8400261 0 -0.542546 -0.8660248 0 -0.5000011 -0.889872 0 -0.4562102 -0.911506 -0 -0.4112867 -0.889872 0 -0.4562102 -0.911506 0 -0.4112867 -0.9308735 0 -0.3653418 -0.9308735 0 -0.3653418 -0.9479274 0 -0.3184865 -0.9626242 -0 -0.2708405 -0.9479274 0 -0.3184865 -0.9626242 0 -0.2708405 -0.9749282 0 -0.2225198 -0.9749282 0 -0.2225198 -0.9848074 0 -0.17365 -0.9848074 0 -0.17365 -0.9922392 0 -0.1243431 -0.9922392 0 -0.1243431 -0.9972039 0 -0.07472928 -0.9972039 0 -0.07472928 -0.9996891 -0 -0.0249314 -0.9996891 0 -0.0249314 -0.9996891 0 0.0249314 -0.9996891 0 0.0249314 -0.9972039 0 0.07472928 -0.9972039 0 0.07472928 -0.9922392 0 0.1243431 -0.9922392 0 0.1243431 -0.9848074 0 0.17365 -0.9848074 0 0.17365 -0.9749282 0 0.2225198 -0.9749282 0 0.2225198 -0.9626242 0 0.2708405 -0.9626242 0 0.2708405 -0.9479274 0 0.3184865 -0.9479274 0 0.3184865 -0.9308735 0 0.3653418 -0.9308735 0 0.3653418 -0.9115057 0 0.4112875 -0.9115057 0 0.4112875 -0.8898725 0 0.4562094 -0.8898725 0 0.4562094 -0.8660248 0 0.5000011 -0.8660248 0 0.5000011 -0.8400255 0 0.5425469 -0.8400255 0 0.5425469 -0.8119388 0 0.5837426 -0.8119388 0 0.5837426 -0.7818311 0 0.6234903 -0.7818311 0 0.6234903 -0.7497818 0 0.6616852 -0.7497818 0 0.6616852 -0.7158667 0 0.6982369 -0.7158667 0 0.6982369 -0.6801732 0 0.7330514 -0.6801732 0 0.7330514 -0.6427881 0 0.766044 -0.6427881 0 0.766044 -0.6038045 0 0.7971324 -0.6038045 0 0.7971324 -0.5633187 0 0.8262397 -0.5633187 0 0.8262397 -0.5214347 0 0.8532912 -0.5214347 0 0.8532912 -0.4782545 0 0.8782213 -0.4782545 0 0.8782213 -0.4338848 0 0.9009684 -0.4338848 0 0.9009684 -0.3884329 0 0.921477 -0.3884329 0 0.921477 -0.3420202 0 0.9396926 -0.3420202 0 0.9396926 -0.294755 0 0.9555728 -0.294755 0 0.9555728 -0.2467586 0 0.9690769 -0.2467586 0 0.9690769 -0.1981468 0 0.9801723 -0.1981468 0 0.9801723 -0.1490414 0 0.988831 -0.1490414 0 0.988831 -0.09956878 0 0.9950306 -0.09956878 0 0.9950306 -0.0498437 0 0.9987571 -0.0498437 0 0.9987571 0 0 1 -0 0 1 0.0498437 -0 0.9987571 0.0498437 0 0.9987571 0.09956878 -0 0.9950306 0.09956878 0 0.9950306 0.1490414 -0 0.988831 0.1490414 0 0.988831 0.1981468 -0 0.9801723 0.1981468 0 0.9801723 0.2467586 0 0.9690769 0.2467586 -0 0.9690769 0.294755 0 0.9555728 0.294755 -0 0.9555728 0.3420202 0 0.9396926 0.3420202 -0 0.9396926 0.3884329 0 0.921477 0.3884329 -0 0.921477 0.4338848 0 0.9009684 0.4782545 0 0.8782213 0.4338848 -0 0.9009684 0.4782545 0 0.8782213 0.5214347 0 0.8532912 0.5214347 -0 0.8532912 0.5633187 0 0.8262397 0.5633187 -0 0.8262397 0.6038045 0 0.7971324 0.6038045 -0 0.7971324 0.6427881 0 0.766044 0.6427881 -0 0.766044 0.6801732 0 0.7330514 0.6801732 -0 0.7330514 0.7158667 0 0.6982369 0.7158667 -0 0.6982369 0.7497818 -0 0.6616852 0.7497818 0 0.6616852 0.7818311 -0 0.6234903 0.7818311 0 0.6234903 0.8119388 -0 0.5837426 0.8119388 0 0.5837426 0.8400255 -0 0.5425469 0.8400255 0 0.5425469 0.8660248 -0 0.5000011 0.8660248 0 0.5000011 0.8898725 0 0.4562094 0.8898725 -0 0.4562094 0.9115057 0 0.4112875 0.9115057 -0 0.4112875 0.9308735 0 0.3653418 0.9479274 0 0.3184865 0.9308735 -0 0.3653418 0.9479274 0 0.3184865 0.9626242 0 0.2708405 0.9626242 -0 0.2708405 0.9749282 0 0.2225198 0.9749282 -0 0.2225198 0.9848074 0 0.17365 0.9848074 -0 0.17365 0.9922392 0 0.1243431 0.9922392 -0 0.1243431 0.9972039 0 0.07472928 0.9996891 0 0.0249314 0.9972039 -0 0.07472928 0.9996891 0 0.0249314 0 -1 0 0 -1 0 0 -1 0 0 -1 -0 0 -1 0 0 -1 0 0 -1 0 0 -1 0 0 -1 -0 0 -1 0 0 -1 -0 0 -1 -0 0 -1 0 0 -1 0 0 -1 -0 0 -1 -0 0 -1 -0 0 -1 0 0 -1 0 0 -1 0 0 -1 0 0 -1 -0 0 -1 0 0 -1 0 0 -1 0 0 -1 -0 0 -1 0 0 -1 -0 0 -1 -0 0 -1 -0 0 -1 0 0 -1 0 0 -1 0 0 -1 0 0 -1 0 0 -1 0 0 -1 0 0 -1 0 0 -1 0 0 -1 0 0 -1 0 0 -1 0 0 -1 0 0 -1 0 0 -1 0 0 -1 0 0 -1 0 0 -1 0 0 -1 0 0 -1 0 0 -1 0 0 -1 0 0 -1 0 0 -1 0 0 -1 0 0 -1 0 0 -1 0 0 -1 0 0 -1 0 0 -1 0 0 -1 0 0 -1 0 0 -1 0 0 -1 0 0 -1 0 0 -1 0 0 -1 0 0 -1 0 0 -1 0 0 -1 0 0 -1 0 0 -1 0 0 -1 0 0 -1 0 0 -1 0 0 -1 0 0 -1 0 0 -1 0 0 -1 0 0 -1 0 0 -1 0 0 -1 0 0 -1 0 0 -1 0 0 -1 0 0 -1 0 0 -1 0 0 -1 0 0 -1 0 0 -1 0 0 -1 0 0 -1 0 0 -1 0 0 -1 0 0 -1 0 0 -1 0 -0 -1 0 -0 -1 0 -0 -1 0 0 -1 0 0 -1 0 0 -1 0 -0 -1 0 -0 -1 0 0 -1 0 0 -1 0 -0 -1 0 0 -1 0 -0 -1 0 -0 -1 0 -0 -1 0 0 -1 0 0 -1 0 0 -1 0 0 -1 0 0 -1 0 0 -1 0 -0 -1 0 -0 -1 0 -0 -1 0 -0 -1 0 0 -1 0 -0 -1 0 0 -1 0 0 1 0 0 1 0 0 1 0 0 1 0 0 1 0 0 1 0 0 1 0 0 1 0 0 1 0 0 1 0 0 1 0 0 1 0 0 1 0 0 1 0 0 1 0 0 1 0 0 1 0 0 1 0 0 1 0 0 1 0 0 1 0 0 1 0 0 1 0 0 1 0 0 1 0 0 1 0 0 1 -0 0 1 0 0 1 0 0 1 0 0 1 0 0 1 0 0 1 0 0 1 0 0 1 0 0 1 0 0 1 0 0 1 0 0 1 0 0 1 0 0 1 0 0 1 0 0 1 0 0 1 0 0 1 0 0 1 -0 0 1 0 0 1 0 0 1 0 0 1 0 0 1 0 0 1 0 0 1 0 0 1 0 0 1 0 0 1 0 0 1 0 0 1 0 0 1 -0 0 1 0 0 1 0 0 1 0 0 1 0 0 1 0 0 1 0 0 1 0 0 1 -0 0 1 0 0 1 0 0 1 0 0 1 0 0 1 0 0 1 0 0 1 0 0 1 0 0 1 0 0 1 0 0 1 0 0 1 0 0 1 0 0 1 0 0 1 0 0 1 0 0 1 0 0 1 0 0 1 0 0 1 0 0 1 0 0 1 0 0 1 0 0 1 0 0 1 0 0 1 0 0 1 0 0 1 0 0 1 0 0 1 0 0 1 0 0 1 0 0 1 0 0 1 0 0 1 0 0 1 0 0 1 0 0 1 0 0 1 0 0 1 0 0 1 0 0 1 0 0 1 0 0 1 0 0 1 0 0 1 0 0 1 0 0 1 0 0 1 0 0 1 -0 0 1 0 0 1 0 0 1 0 0 1 0 0 1 -0 0 1 0 0 1 0</float_array>
          <technique_common>
            <accessor count="500" source="#cubenormals-array3-array" stride="3">
              <param type="float" name="X"/>
              <param type="float" name="Y"/>
              <param type="float" name="Z"/>
            </accessor>
          </technique_common>
        </source>
        <vertices id="cubeverts-array3-vertices">
          <input semantic="POSITION" source="#cubeverts-array3"/>
        </vertices>
        <triangles count="500" material="ref_Cylinder003">
          <input offset="0" semantic="VERTEX" source="#cubeverts-array3-vertices"/>
          <input offset="1" semantic="NORMAL" source="#cubenormals-array3"/>
          <p>0 0 1 0 2 0 2 1 1 1 3 1 3 2 4 2 5 2 5 3 4 3 6 3 1 4 4 4 3 4 4 5 7 5 6 5 6 6 8 6 9 6 9 7 8 7 10 7 7 8 8 8 6 8 8 9 11 9 10 9 10 10 12 10 13 10 11 11 12 11 10 11 13 12 14 12 15 12 15 13 14 13 16 13 12 14 14 14 13 14 14 15 17 15 16 15 16 16 18 16 19 16 17 17 18 17 16 17 19 18 20 18 248 18 18 19 20 19 19 19 20 20 21 20 248 20 248 21 21 21 247 21 247 22 21 22 249 22 21 23 22 23 249 23 22 24 23 24 249 24 249 25 23 25 24 25 23 26 25 26 24 26 24 27 25 27 26 27 26 28 27 28 250 28 250 29 27 29 28 29 25 30 27 30 26 30 27 31 29 31 28 31 28 32 30 32 251 32 29 33 30 33 28 33 251 34 31 34 32 34 32 35 31 35 33 35 30 36 31 36 251 36 31 37 34 37 33 37 33 38 35 38 36 38 34 39 35 39 33 39 36 40 37 40 246 40 35 41 37 41 36 41 246 42 38 42 39 42 37 43 38 43 246 43 39 44 40 44 41 44 38 45 40 45 39 45 41 46 42 46 245 46 40 47 42 47 41 47 245 48 43 48 244 48 42 49 43 49 245 49 244 50 44 50 242 50 43 51 44 51 244 51 242 52 45 52 243 52 44 53 45 53 242 53 243 54 46 54 47 54 47 55 46 55 241 55 45 56 46 56 243 56 46 57 48 57 241 57 241 58 49 58 50 58 48 59 49 59 241 59 50 60 51 60 52 60 49 61 51 61 50 61 52 62 53 62 54 62 51 63 53 63 52 63 54 64 55 64 240 64 53 65 55 65 54 65 240 66 56 66 57 66 55 67 56 67 240 67 57 68 58 68 59 68 56 69 58 69 57 69 59 70 60 70 61 70 58 71 60 71 59 71 61 72 62 72 63 72 63 73 62 73 237 73 60 74 62 74 61 74 62 75 64 75 237 75 237 76 64 76 65 76 64 77 66 77 65 77 66 78 67 78 65 78 65 79 67 79 238 79 67 80 68 80 238 80 238 81 68 81 69 81 68 82 70 82 69 82 69 83 70 83 71 83 70 84 72 84 71 84 71 85 72 85 239 85 72 86 73 86 239 86 239 87 73 87 74 87 73 88 75 88 74 88 74 89 75 89 76 89 75 90 77 90 76 90 76 91 77 91 235 91 235 92 77 92 78 92 77 93 79 93 78 93 78 94 80 94 236 94 79 95 80 95 78 95 236 96 81 96 82 96 80 97 81 97 236 97 82 98 83 98 232 98 232 99 83 99 233 99 81 100 83 100 82 100 83 101 84 101 233 101 233 102 85 102 86 102 86 103 85 103 87 103 84 104 85 104 233 104 85 105 88 105 87 105 87 106 89 106 90 106 90 107 89 107 91 107 88 108 89 108 87 108 89 109 92 109 91 109 91 110 93 110 94 110 92 111 93 111 91 111 94 112 95 112 96 112 96 113 95 113 97 113 93 114 95 114 94 114 95 115 98 115 97 115 97 116 99 116 100 116 98 117 99 117 97 117 100 118 101 118 102 118 99 119 101 119 100 119 102 120 103 120 104 120 101 121 103 121 102 121 103 122 105 122 104 122 104 123 105 123 106 123 106 124 105 124 107 124 105 125 108 125 107 125 107 126 108 126 109 126 108 127 110 127 109 127 110 128 111 128 109 128 109 129 111 129 112 129 112 130 111 130 113 130 111 131 114 131 113 131 113 132 114 132 115 132 114 133 116 133 115 133 115 134 116 134 117 134 116 135 118 135 117 135 118 136 119 136 117 136 117 137 119 137 120 137 120 138 119 138 121 138 119 139 122 139 121 139 122 140 123 140 121 140 121 141 123 141 124 141 123 142 125 142 124 142 124 143 125 143 126 143 126 144 125 144 127 144 125 145 128 145 127 145 128 146 129 146 127 146 127 147 129 147 130 147 129 148 131 148 130 148 130 149 131 149 132 149 131 150 133 150 132 150 132 151 133 151 134 151 134 152 133 152 227 152 133 153 135 153 227 153 135 154 136 154 227 154 227 155 136 155 137 155 136 156 138 156 137 156 137 157 138 157 139 157 139 158 138 158 140 158 138 159 141 159 140 159 141 160 142 160 140 160 140 161 142 161 143 161 142 162 144 162 143 162 143 163 144 163 145 163 145 164 146 164 147 164 144 165 146 165 145 165 147 166 146 166 228 166 146 167 148 167 228 167 228 168 149 168 150 168 148 169 149 169 228 169 150 170 151 170 152 170 149 171 151 171 150 171 152 172 153 172 154 172 151 173 153 173 152 173 153 174 155 174 154 174 154 175 155 175 156 175 155 176 157 176 156 176 156 177 157 177 158 177 157 178 159 178 158 178 158 179 159 179 160 179 159 180 161 180 160 180 160 181 161 181 162 181 162 182 161 182 163 182 161 183 164 183 163 183 164 184 165 184 163 184 163 185 165 185 166 185 165 186 167 186 166 186 166 187 167 187 168 187 167 188 169 188 168 188 168 189 169 189 170 189 169 190 171 190 170 190 170 191 171 191 172 191 171 192 173 192 172 192 172 193 173 193 174 193 173 194 175 194 174 194 174 195 175 195 229 195 175 196 176 196 229 196 229 197 176 197 177 197 177 198 178 198 179 198 176 199 178 199 177 199 179 200 180 200 230 200 178 201 180 201 179 201 230 202 181 202 182 202 180 203 181 203 230 203 182 204 183 204 184 204 181 205 183 205 182 205 184 206 185 206 186 206 186 207 185 207 187 207 183 208 185 208 184 208 185 209 188 209 187 209 187 210 189 210 190 210 188 211 189 211 187 211 190 212 191 212 231 212 189 213 191 213 190 213 231 214 192 214 193 214 191 215 192 215 231 215 193 216 194 216 195 216 192 217 194 217 193 217 195 218 196 218 197 218 194 219 196 219 195 219 197 220 198 220 234 220 196 221 198 221 197 221 198 222 199 222 234 222 234 223 199 223 200 223 199 224 201 224 200 224 200 225 201 225 202 225 201 226 203 226 202 226 202 227 203 227 204 227 203 228 205 228 204 228 204 229 205 229 206 229 205 230 207 230 206 230 206 231 207 231 208 231 208 232 209 232 210 232 207 233 209 233 208 233 210 234 211 234 212 234 209 235 211 235 210 235 212 236 213 236 214 236 214 237 213 237 215 237 211 238 213 238 212 238 213 239 216 239 215 239 215 240 217 240 218 240 216 241 217 241 215 241 218 242 219 242 220 242 217 243 219 243 218 243 220 244 221 244 222 244 219 245 221 245 220 245 222 246 223 246 224 246 221 247 223 247 222 247 224 248 225 248 226 248 226 249 225 249 2 249 223 250 225 250 224 250 225 251 0 251 2 251 136 252 142 252 138 252 138 253 142 253 141 253 142 254 146 254 144 254 129 255 128 255 131 255 136 256 149 256 142 256 142 257 149 257 146 257 135 258 149 258 136 258 146 259 149 259 148 259 128 260 125 260 131 260 135 261 151 261 149 261 125 262 123 262 131 262 131 263 123 263 133 263 151 264 157 264 153 264 153 265 157 265 155 265 119 266 118 266 122 266 122 267 118 267 123 267 116 268 114 268 118 268 151 269 165 269 157 269 157 270 165 270 159 270 159 271 165 271 161 271 161 272 165 272 164 272 111 273 110 273 114 273 135 274 167 274 151 274 151 275 167 275 165 275 110 276 105 276 114 276 123 277 105 277 133 277 108 278 105 278 110 278 118 279 105 279 123 279 133 280 105 280 135 280 114 281 105 281 118 281 167 282 171 282 169 282 171 283 175 283 173 283 167 284 175 284 171 284 167 285 176 285 175 285 99 286 98 286 101 286 101 287 98 287 103 287 98 288 95 288 103 288 103 289 95 289 105 289 176 290 180 290 178 290 95 291 93 291 105 291 176 292 181 292 180 292 92 293 89 293 93 293 181 294 185 294 183 294 176 295 185 295 181 295 176 296 188 296 185 296 188 297 191 297 189 297 83 298 81 298 84 298 84 299 81 299 85 299 85 300 81 300 88 300 88 301 81 301 89 301 81 302 80 302 89 302 191 303 196 303 192 303 192 304 196 304 194 304 188 305 196 305 191 305 176 306 198 306 188 306 188 307 198 307 196 307 176 308 199 308 198 308 77 309 75 309 79 309 79 310 75 310 80 310 75 311 73 311 80 311 199 312 205 312 201 312 201 313 205 313 203 313 176 314 205 314 199 314 72 315 70 315 73 315 70 316 68 316 73 316 205 317 209 317 207 317 73 318 67 318 80 318 68 319 67 319 73 319 205 320 211 320 209 320 205 321 213 321 211 321 66 322 64 322 67 322 64 323 62 323 67 323 213 324 217 324 216 324 80 325 60 325 89 325 67 326 60 326 80 326 62 327 60 327 67 327 213 328 219 328 217 328 55 329 53 329 56 329 56 330 53 330 58 330 58 331 53 331 60 331 219 332 0 332 221 332 221 333 0 333 223 333 223 334 0 334 225 334 213 335 1 335 219 335 167 336 1 336 176 336 53 337 1 337 60 337 219 338 1 338 0 338 89 339 1 339 93 339 93 340 1 340 105 340 51 341 1 341 53 341 105 342 1 342 135 342 176 343 1 343 205 343 205 344 1 344 213 344 135 345 1 345 167 345 60 346 1 346 89 346 1 347 7 347 4 347 48 348 46 348 49 348 49 349 46 349 51 349 46 350 45 350 51 350 7 351 11 351 8 351 1 352 11 352 7 352 1 353 12 353 11 353 44 354 43 354 45 354 45 355 43 355 51 355 1 356 14 356 12 356 51 357 14 357 1 357 43 358 42 358 51 358 14 359 18 359 17 359 40 360 38 360 42 360 37 361 35 361 38 361 38 362 35 362 42 362 18 363 22 363 20 363 20 364 22 364 21 364 14 365 22 365 18 365 22 366 25 366 23 366 14 367 25 367 22 367 25 368 29 368 27 368 30 369 29 369 31 369 31 370 29 370 34 370 34 371 29 371 35 371 42 372 29 372 51 372 51 373 29 373 14 373 35 374 29 374 42 374 14 375 29 375 25 375 227 376 137 376 139 376 143 377 139 377 140 377 147 378 227 378 139 378 147 379 139 379 143 379 147 380 143 380 145 380 130 381 132 381 134 381 228 382 227 382 147 382 228 383 130 383 134 383 228 384 134 384 227 384 126 385 127 385 130 385 152 386 130 386 228 386 152 387 228 387 150 387 158 388 152 388 154 388 158 389 154 389 156 389 117 390 120 390 121 390 113 391 126 391 130 391 113 392 115 392 117 392 113 393 121 393 124 393 113 394 124 394 126 394 113 395 117 395 121 395 166 396 162 396 163 396 109 397 130 397 152 397 109 398 152 398 158 398 109 399 112 399 113 399 109 400 113 400 130 400 109 401 158 401 160 401 106 402 107 402 109 402 174 403 170 403 172 403 229 404 170 404 174 404 179 405 229 405 177 405 96 406 97 406 100 406 96 407 100 407 102 407 96 408 102 408 104 408 96 409 104 409 106 409 230 410 229 410 179 410 94 411 96 411 106 411 94 412 106 412 109 412 184 413 170 413 229 413 184 414 230 414 182 414 184 415 229 415 230 415 184 416 168 416 170 416 86 417 94 417 109 417 86 418 87 418 90 418 86 419 90 419 91 419 86 420 91 420 94 420 86 421 109 421 160 421 231 422 184 422 186 422 231 423 186 423 187 423 231 424 187 424 190 424 231 425 168 425 184 425 231 426 162 426 166 426 231 427 160 427 162 427 231 428 166 428 168 428 232 429 233 429 86 429 193 430 160 430 231 430 195 431 160 431 193 431 234 432 195 432 197 432 200 433 195 433 234 433 76 434 86 434 160 434 76 435 232 435 86 435 76 436 235 436 78 436 76 437 78 437 236 437 76 438 236 438 82 438 76 439 82 439 232 439 202 440 195 440 200 440 74 441 160 441 195 441 74 442 76 442 160 442 206 443 202 443 204 443 206 444 74 444 195 444 206 445 195 445 202 445 210 446 206 446 208 446 212 447 206 447 210 447 237 448 65 448 238 448 237 449 238 449 69 449 63 450 237 450 69 450 218 451 214 451 215 451 220 452 212 452 214 452 220 453 69 453 71 453 220 454 71 454 239 454 220 455 239 455 74 455 220 456 74 456 206 456 220 457 206 457 212 457 220 458 214 458 218 458 57 459 59 459 61 459 224 460 220 460 222 460 226 461 220 461 224 461 54 462 57 462 61 462 54 463 240 463 57 463 54 464 61 464 63 464 54 465 63 465 69 465 2 466 220 466 226 466 6 467 3 467 5 467 47 468 241 468 50 468 47 469 50 469 52 469 47 470 52 470 54 470 9 471 2 471 3 471 9 472 220 472 2 472 9 473 3 473 6 473 10 474 220 474 9 474 242 475 243 475 47 475 244 476 47 476 54 476 244 477 242 477 47 477 39 478 41 478 245 478 39 479 245 479 244 479 246 480 39 480 244 480 247 481 16 481 19 481 247 482 19 482 248 482 249 483 10 483 13 483 249 484 13 484 15 484 249 485 15 485 16 485 249 486 16 486 247 486 33 487 36 487 246 487 33 488 246 488 244 488 33 489 244 489 54 489 32 490 54 490 69 490 32 491 33 491 54 491 32 492 69 492 220 492 250 493 24 493 26 493 28 494 249 494 24 494 28 495 251 495 32 495 28 496 220 496 10 496 28 497 32 497 220 497 28 498 10 498 249 498 28 499 24 499 250 499</p>
        </triangles>
      </mesh>
    </geometry>
  </library_geometries>
  <library_materials>
    <material id="mat_Cylinder" name="Cylinder">
      <instance_effect url="#effect_Cylinder"/>
    </material>
    <material id="mat_Cylinder001" name="Cylinder001">
      <instance_effect url="#effect_Cylinder001"/>
    </material>
    <material id="mat_Cylinder002" name="Cylinder002">
      <instance_effect url="#effect_Cylinder002"/>
    </material>
    <material id="mat_Cylinder003" name="Cylinder003">
      <instance_effect url="#effect_Cylinder003"/>
    </material>
  </library_materials>
  <library_visual_scenes>
    <visual_scene id="myscene">
      <node id="node0" name="node0">
        <instance_geometry url="#geometry0">
          <bind_material>
            <technique_common>
              <instance_material symbol="ref_Cylinder" target="#mat_Cylinder"/>
            </technique_common>
          </bind_material>
        </instance_geometry>
      </node>
      <node id="node1" name="node1">
        <instance_geometry url="#geometry1">
          <bind_material>
            <technique_common>
              <instance_material symbol="ref_Cylinder001" target="#mat_Cylinder001"/>
            </technique_common>
          </bind_material>
        </instance_geometry>
      </node>
      <node id="node2" name="node2">
        <instance_geometry url="#geometry2">
          <bind_material>
            <technique_common>
              <instance_material symbol="ref_Cylinder002" target="#mat_Cylinder002"/>
            </technique_common>
          </bind_material>
        </instance_geometry>
      </node>
      <node id="node3" name="node3">
        <instance_geometry url="#geometry3">
          <bind_material>
            <technique_common>
              <instance_material symbol="ref_Cylinder003" target="#mat_Cylinder003"/>
            </technique_common>
          </bind_material>
        </instance_geometry>
      </node>
    </visual_scene>
  </library_visual_scenes>
  <scene>
    <instance_visual_scene url="#myscene"/>
  </scene>
</COLLADA>
